data;ano;num_mes;nome_mes;mes_curto;ano_mes;ano_mes_num;num_trimestre;nome_trimestre;ano_trimestre;dia_mes;dia_semana_num;dia_semana_nome;eh_fim_semana;semana_ano
2023-01-01;2023;1;Janeiro;Jan;2023-01;202301;1;T1;2023-T1;1;7;Domingo;Sim;1
2023-01-02;2023;1;Janeiro;Jan;2023-01;202301;1;T1;2023-T1;2;1;Segunda-feira;Não;2
2023-01-03;2023;1;Janeiro;Jan;2023-01;202301;1;T1;2023-T1;3;2;Terça-feira;Não;2
2023-01-04;2023;1;Janeiro;Jan;2023-01;202301;1;T1;2023-T1;4;3;Quarta-feira;Não;2
2023-01-05;2023;1;Janeiro;Jan;2023-01;202301;1;T1;2023-T1;5;4;Quinta-feira;Não;2
2023-01-06;2023;1;Janeiro;Jan;2023-01;202301;1;T1;2023-T1;6;5;Sexta-feira;Não;2
2023-01-07;2023;1;Janeiro;Jan;2023-01;202301;1;T1;2023-T1;7;6;Sábado;Sim;2
2023-01-08;2023;1;Janeiro;Jan;2023-01;202301;1;T1;2023-T1;8;7;Domingo;Sim;2
2023-01-09;2023;1;Janeiro;Jan;2023-01;202301;1;T1;2023-T1;9;1;Segunda-feira;Não;3
2023-01-10;2023;1;Janeiro;Jan;2023-01;202301;1;T1;2023-T1;10;2;Terça-feira;Não;3
2023-01-11;2023;1;Janeiro;Jan;2023-01;202301;1;T1;2023-T1;11;3;Quarta-feira;Não;3
2023-01-12;2023;1;Janeiro;Jan;2023-01;202301;1;T1;2023-T1;12;4;Quinta-feira;Não;3
2023-01-13;2023;1;Janeiro;Jan;2023-01;202301;1;T1;2023-T1;13;5;Sexta-feira;Não;3
2023-01-14;2023;1;Janeiro;Jan;2023-01;202301;1;T1;2023-T1;14;6;Sábado;Sim;3
2023-01-15;2023;1;Janeiro;Jan;2023-01;202301;1;T1;2023-T1;15;7;Domingo;Sim;3
2023-01-16;2023;1;Janeiro;Jan;2023-01;202301;1;T1;2023-T1;16;1;Segunda-feira;Não;4
2023-01-17;2023;1;Janeiro;Jan;2023-01;202301;1;T1;2023-T1;17;2;Terça-feira;Não;4
2023-01-18;2023;1;Janeiro;Jan;2023-01;202301;1;T1;2023-T1;18;3;Quarta-feira;Não;4
2023-01-19;2023;1;Janeiro;Jan;2023-01;202301;1;T1;2023-T1;19;4;Quinta-feira;Não;4
2023-01-20;2023;1;Janeiro;Jan;2023-01;202301;1;T1;2023-T1;20;5;Sexta-feira;Não;4
2023-01-21;2023;1;Janeiro;Jan;2023-01;202301;1;T1;2023-T1;21;6;Sábado;Sim;4
2023-01-22;2023;1;Janeiro;Jan;2023-01;202301;1;T1;2023-T1;22;7;Domingo;Sim;4
2023-01-23;2023;1;Janeiro;Jan;2023-01;202301;1;T1;2023-T1;23;1;Segunda-feira;Não;5
2023-01-24;2023;1;Janeiro;Jan;2023-01;202301;1;T1;2023-T1;24;2;Terça-feira;Não;5
2023-01-25;2023;1;Janeiro;Jan;2023-01;202301;1;T1;2023-T1;25;3;Quarta-feira;Não;5
2023-01-26;2023;1;Janeiro;Jan;2023-01;202301;1;T1;2023-T1;26;4;Quinta-feira;Não;5
2023-01-27;2023;1;Janeiro;Jan;2023-01;202301;1;T1;2023-T1;27;5;Sexta-feira;Não;5
2023-01-28;2023;1;Janeiro;Jan;2023-01;202301;1;T1;2023-T1;28;6;Sábado;Sim;5
2023-01-29;2023;1;Janeiro;Jan;2023-01;202301;1;T1;2023-T1;29;7;Domingo;Sim;5
2023-01-30;2023;1;Janeiro;Jan;2023-01;202301;1;T1;2023-T1;30;1;Segunda-feira;Não;6
2023-01-31;2023;1;Janeiro;Jan;2023-01;202301;1;T1;2023-T1;31;2;Terça-feira;Não;6
2023-02-01;2023;2;Fevereiro;Fev;2023-02;202302;1;T1;2023-T1;1;3;Quarta-feira;Não;6
2023-02-02;2023;2;Fevereiro;Fev;2023-02;202302;1;T1;2023-T1;2;4;Quinta-feira;Não;6
2023-02-03;2023;2;Fevereiro;Fev;2023-02;202302;1;T1;2023-T1;3;5;Sexta-feira;Não;6
2023-02-04;2023;2;Fevereiro;Fev;2023-02;202302;1;T1;2023-T1;4;6;Sábado;Sim;6
2023-02-05;2023;2;Fevereiro;Fev;2023-02;202302;1;T1;2023-T1;5;7;Domingo;Sim;6
2023-02-06;2023;2;Fevereiro;Fev;2023-02;202302;1;T1;2023-T1;6;1;Segunda-feira;Não;7
2023-02-07;2023;2;Fevereiro;Fev;2023-02;202302;1;T1;2023-T1;7;2;Terça-feira;Não;7
2023-02-08;2023;2;Fevereiro;Fev;2023-02;202302;1;T1;2023-T1;8;3;Quarta-feira;Não;7
2023-02-09;2023;2;Fevereiro;Fev;2023-02;202302;1;T1;2023-T1;9;4;Quinta-feira;Não;7
2023-02-10;2023;2;Fevereiro;Fev;2023-02;202302;1;T1;2023-T1;10;5;Sexta-feira;Não;7
2023-02-11;2023;2;Fevereiro;Fev;2023-02;202302;1;T1;2023-T1;11;6;Sábado;Sim;7
2023-02-12;2023;2;Fevereiro;Fev;2023-02;202302;1;T1;2023-T1;12;7;Domingo;Sim;7
2023-02-13;2023;2;Fevereiro;Fev;2023-02;202302;1;T1;2023-T1;13;1;Segunda-feira;Não;8
2023-02-14;2023;2;Fevereiro;Fev;2023-02;202302;1;T1;2023-T1;14;2;Terça-feira;Não;8
2023-02-15;2023;2;Fevereiro;Fev;2023-02;202302;1;T1;2023-T1;15;3;Quarta-feira;Não;8
2023-02-16;2023;2;Fevereiro;Fev;2023-02;202302;1;T1;2023-T1;16;4;Quinta-feira;Não;8
2023-02-17;2023;2;Fevereiro;Fev;2023-02;202302;1;T1;2023-T1;17;5;Sexta-feira;Não;8
2023-02-18;2023;2;Fevereiro;Fev;2023-02;202302;1;T1;2023-T1;18;6;Sábado;Sim;8
2023-02-19;2023;2;Fevereiro;Fev;2023-02;202302;1;T1;2023-T1;19;7;Domingo;Sim;8
2023-02-20;2023;2;Fevereiro;Fev;2023-02;202302;1;T1;2023-T1;20;1;Segunda-feira;Não;9
2023-02-21;2023;2;Fevereiro;Fev;2023-02;202302;1;T1;2023-T1;21;2;Terça-feira;Não;9
2023-02-22;2023;2;Fevereiro;Fev;2023-02;202302;1;T1;2023-T1;22;3;Quarta-feira;Não;9
2023-02-23;2023;2;Fevereiro;Fev;2023-02;202302;1;T1;2023-T1;23;4;Quinta-feira;Não;9
2023-02-24;2023;2;Fevereiro;Fev;2023-02;202302;1;T1;2023-T1;24;5;Sexta-feira;Não;9
2023-02-25;2023;2;Fevereiro;Fev;2023-02;202302;1;T1;2023-T1;25;6;Sábado;Sim;9
2023-02-26;2023;2;Fevereiro;Fev;2023-02;202302;1;T1;2023-T1;26;7;Domingo;Sim;9
2023-02-27;2023;2;Fevereiro;Fev;2023-02;202302;1;T1;2023-T1;27;1;Segunda-feira;Não;10
2023-02-28;2023;2;Fevereiro;Fev;2023-02;202302;1;T1;2023-T1;28;2;Terça-feira;Não;10
2023-03-01;2023;3;Março;Mar;2023-03;202303;1;T1;2023-T1;1;3;Quarta-feira;Não;10
2023-03-02;2023;3;Março;Mar;2023-03;202303;1;T1;2023-T1;2;4;Quinta-feira;Não;10
2023-03-03;2023;3;Março;Mar;2023-03;202303;1;T1;2023-T1;3;5;Sexta-feira;Não;10
2023-03-04;2023;3;Março;Mar;2023-03;202303;1;T1;2023-T1;4;6;Sábado;Sim;10
2023-03-05;2023;3;Março;Mar;2023-03;202303;1;T1;2023-T1;5;7;Domingo;Sim;10
2023-03-06;2023;3;Março;Mar;2023-03;202303;1;T1;2023-T1;6;1;Segunda-feira;Não;11
2023-03-07;2023;3;Março;Mar;2023-03;202303;1;T1;2023-T1;7;2;Terça-feira;Não;11
2023-03-08;2023;3;Março;Mar;2023-03;202303;1;T1;2023-T1;8;3;Quarta-feira;Não;11
2023-03-09;2023;3;Março;Mar;2023-03;202303;1;T1;2023-T1;9;4;Quinta-feira;Não;11
2023-03-10;2023;3;Março;Mar;2023-03;202303;1;T1;2023-T1;10;5;Sexta-feira;Não;11
2023-03-11;2023;3;Março;Mar;2023-03;202303;1;T1;2023-T1;11;6;Sábado;Sim;11
2023-03-12;2023;3;Março;Mar;2023-03;202303;1;T1;2023-T1;12;7;Domingo;Sim;11
2023-03-13;2023;3;Março;Mar;2023-03;202303;1;T1;2023-T1;13;1;Segunda-feira;Não;12
2023-03-14;2023;3;Março;Mar;2023-03;202303;1;T1;2023-T1;14;2;Terça-feira;Não;12
2023-03-15;2023;3;Março;Mar;2023-03;202303;1;T1;2023-T1;15;3;Quarta-feira;Não;12
2023-03-16;2023;3;Março;Mar;2023-03;202303;1;T1;2023-T1;16;4;Quinta-feira;Não;12
2023-03-17;2023;3;Março;Mar;2023-03;202303;1;T1;2023-T1;17;5;Sexta-feira;Não;12
2023-03-18;2023;3;Março;Mar;2023-03;202303;1;T1;2023-T1;18;6;Sábado;Sim;12
2023-03-19;2023;3;Março;Mar;2023-03;202303;1;T1;2023-T1;19;7;Domingo;Sim;12
2023-03-20;2023;3;Março;Mar;2023-03;202303;1;T1;2023-T1;20;1;Segunda-feira;Não;13
2023-03-21;2023;3;Março;Mar;2023-03;202303;1;T1;2023-T1;21;2;Terça-feira;Não;13
2023-03-22;2023;3;Março;Mar;2023-03;202303;1;T1;2023-T1;22;3;Quarta-feira;Não;13
2023-03-23;2023;3;Março;Mar;2023-03;202303;1;T1;2023-T1;23;4;Quinta-feira;Não;13
2023-03-24;2023;3;Março;Mar;2023-03;202303;1;T1;2023-T1;24;5;Sexta-feira;Não;13
2023-03-25;2023;3;Março;Mar;2023-03;202303;1;T1;2023-T1;25;6;Sábado;Sim;13
2023-03-26;2023;3;Março;Mar;2023-03;202303;1;T1;2023-T1;26;7;Domingo;Sim;13
2023-03-27;2023;3;Março;Mar;2023-03;202303;1;T1;2023-T1;27;1;Segunda-feira;Não;14
2023-03-28;2023;3;Março;Mar;2023-03;202303;1;T1;2023-T1;28;2;Terça-feira;Não;14
2023-03-29;2023;3;Março;Mar;2023-03;202303;1;T1;2023-T1;29;3;Quarta-feira;Não;14
2023-03-30;2023;3;Março;Mar;2023-03;202303;1;T1;2023-T1;30;4;Quinta-feira;Não;14
2023-03-31;2023;3;Março;Mar;2023-03;202303;1;T1;2023-T1;31;5;Sexta-feira;Não;14
2023-04-01;2023;4;Abril;Abr;2023-04;202304;2;T2;2023-T2;1;6;Sábado;Sim;14
2023-04-02;2023;4;Abril;Abr;2023-04;202304;2;T2;2023-T2;2;7;Domingo;Sim;14
2023-04-03;2023;4;Abril;Abr;2023-04;202304;2;T2;2023-T2;3;1;Segunda-feira;Não;15
2023-04-04;2023;4;Abril;Abr;2023-04;202304;2;T2;2023-T2;4;2;Terça-feira;Não;15
2023-04-05;2023;4;Abril;Abr;2023-04;202304;2;T2;2023-T2;5;3;Quarta-feira;Não;15
2023-04-06;2023;4;Abril;Abr;2023-04;202304;2;T2;2023-T2;6;4;Quinta-feira;Não;15
2023-04-07;2023;4;Abril;Abr;2023-04;202304;2;T2;2023-T2;7;5;Sexta-feira;Não;15
2023-04-08;2023;4;Abril;Abr;2023-04;202304;2;T2;2023-T2;8;6;Sábado;Sim;15
2023-04-09;2023;4;Abril;Abr;2023-04;202304;2;T2;2023-T2;9;7;Domingo;Sim;15
2023-04-10;2023;4;Abril;Abr;2023-04;202304;2;T2;2023-T2;10;1;Segunda-feira;Não;16
2023-04-11;2023;4;Abril;Abr;2023-04;202304;2;T2;2023-T2;11;2;Terça-feira;Não;16
2023-04-12;2023;4;Abril;Abr;2023-04;202304;2;T2;2023-T2;12;3;Quarta-feira;Não;16
2023-04-13;2023;4;Abril;Abr;2023-04;202304;2;T2;2023-T2;13;4;Quinta-feira;Não;16
2023-04-14;2023;4;Abril;Abr;2023-04;202304;2;T2;2023-T2;14;5;Sexta-feira;Não;16
2023-04-15;2023;4;Abril;Abr;2023-04;202304;2;T2;2023-T2;15;6;Sábado;Sim;16
2023-04-16;2023;4;Abril;Abr;2023-04;202304;2;T2;2023-T2;16;7;Domingo;Sim;16
2023-04-17;2023;4;Abril;Abr;2023-04;202304;2;T2;2023-T2;17;1;Segunda-feira;Não;17
2023-04-18;2023;4;Abril;Abr;2023-04;202304;2;T2;2023-T2;18;2;Terça-feira;Não;17
2023-04-19;2023;4;Abril;Abr;2023-04;202304;2;T2;2023-T2;19;3;Quarta-feira;Não;17
2023-04-20;2023;4;Abril;Abr;2023-04;202304;2;T2;2023-T2;20;4;Quinta-feira;Não;17
2023-04-21;2023;4;Abril;Abr;2023-04;202304;2;T2;2023-T2;21;5;Sexta-feira;Não;17
2023-04-22;2023;4;Abril;Abr;2023-04;202304;2;T2;2023-T2;22;6;Sábado;Sim;17
2023-04-23;2023;4;Abril;Abr;2023-04;202304;2;T2;2023-T2;23;7;Domingo;Sim;17
2023-04-24;2023;4;Abril;Abr;2023-04;202304;2;T2;2023-T2;24;1;Segunda-feira;Não;18
2023-04-25;2023;4;Abril;Abr;2023-04;202304;2;T2;2023-T2;25;2;Terça-feira;Não;18
2023-04-26;2023;4;Abril;Abr;2023-04;202304;2;T2;2023-T2;26;3;Quarta-feira;Não;18
2023-04-27;2023;4;Abril;Abr;2023-04;202304;2;T2;2023-T2;27;4;Quinta-feira;Não;18
2023-04-28;2023;4;Abril;Abr;2023-04;202304;2;T2;2023-T2;28;5;Sexta-feira;Não;18
2023-04-29;2023;4;Abril;Abr;2023-04;202304;2;T2;2023-T2;29;6;Sábado;Sim;18
2023-04-30;2023;4;Abril;Abr;2023-04;202304;2;T2;2023-T2;30;7;Domingo;Sim;18
2023-05-01;2023;5;Maio;Mai;2023-05;202305;2;T2;2023-T2;1;1;Segunda-feira;Não;19
2023-05-02;2023;5;Maio;Mai;2023-05;202305;2;T2;2023-T2;2;2;Terça-feira;Não;19
2023-05-03;2023;5;Maio;Mai;2023-05;202305;2;T2;2023-T2;3;3;Quarta-feira;Não;19
2023-05-04;2023;5;Maio;Mai;2023-05;202305;2;T2;2023-T2;4;4;Quinta-feira;Não;19
2023-05-05;2023;5;Maio;Mai;2023-05;202305;2;T2;2023-T2;5;5;Sexta-feira;Não;19
2023-05-06;2023;5;Maio;Mai;2023-05;202305;2;T2;2023-T2;6;6;Sábado;Sim;19
2023-05-07;2023;5;Maio;Mai;2023-05;202305;2;T2;2023-T2;7;7;Domingo;Sim;19
2023-05-08;2023;5;Maio;Mai;2023-05;202305;2;T2;2023-T2;8;1;Segunda-feira;Não;20
2023-05-09;2023;5;Maio;Mai;2023-05;202305;2;T2;2023-T2;9;2;Terça-feira;Não;20
2023-05-10;2023;5;Maio;Mai;2023-05;202305;2;T2;2023-T2;10;3;Quarta-feira;Não;20
2023-05-11;2023;5;Maio;Mai;2023-05;202305;2;T2;2023-T2;11;4;Quinta-feira;Não;20
2023-05-12;2023;5;Maio;Mai;2023-05;202305;2;T2;2023-T2;12;5;Sexta-feira;Não;20
2023-05-13;2023;5;Maio;Mai;2023-05;202305;2;T2;2023-T2;13;6;Sábado;Sim;20
2023-05-14;2023;5;Maio;Mai;2023-05;202305;2;T2;2023-T2;14;7;Domingo;Sim;20
2023-05-15;2023;5;Maio;Mai;2023-05;202305;2;T2;2023-T2;15;1;Segunda-feira;Não;21
2023-05-16;2023;5;Maio;Mai;2023-05;202305;2;T2;2023-T2;16;2;Terça-feira;Não;21
2023-05-17;2023;5;Maio;Mai;2023-05;202305;2;T2;2023-T2;17;3;Quarta-feira;Não;21
2023-05-18;2023;5;Maio;Mai;2023-05;202305;2;T2;2023-T2;18;4;Quinta-feira;Não;21
2023-05-19;2023;5;Maio;Mai;2023-05;202305;2;T2;2023-T2;19;5;Sexta-feira;Não;21
2023-05-20;2023;5;Maio;Mai;2023-05;202305;2;T2;2023-T2;20;6;Sábado;Sim;21
2023-05-21;2023;5;Maio;Mai;2023-05;202305;2;T2;2023-T2;21;7;Domingo;Sim;21
2023-05-22;2023;5;Maio;Mai;2023-05;202305;2;T2;2023-T2;22;1;Segunda-feira;Não;22
2023-05-23;2023;5;Maio;Mai;2023-05;202305;2;T2;2023-T2;23;2;Terça-feira;Não;22
2023-05-24;2023;5;Maio;Mai;2023-05;202305;2;T2;2023-T2;24;3;Quarta-feira;Não;22
2023-05-25;2023;5;Maio;Mai;2023-05;202305;2;T2;2023-T2;25;4;Quinta-feira;Não;22
2023-05-26;2023;5;Maio;Mai;2023-05;202305;2;T2;2023-T2;26;5;Sexta-feira;Não;22
2023-05-27;2023;5;Maio;Mai;2023-05;202305;2;T2;2023-T2;27;6;Sábado;Sim;22
2023-05-28;2023;5;Maio;Mai;2023-05;202305;2;T2;2023-T2;28;7;Domingo;Sim;22
2023-05-29;2023;5;Maio;Mai;2023-05;202305;2;T2;2023-T2;29;1;Segunda-feira;Não;23
2023-05-30;2023;5;Maio;Mai;2023-05;202305;2;T2;2023-T2;30;2;Terça-feira;Não;23
2023-05-31;2023;5;Maio;Mai;2023-05;202305;2;T2;2023-T2;31;3;Quarta-feira;Não;23
2023-06-01;2023;6;Junho;Jun;2023-06;202306;2;T2;2023-T2;1;4;Quinta-feira;Não;23
2023-06-02;2023;6;Junho;Jun;2023-06;202306;2;T2;2023-T2;2;5;Sexta-feira;Não;23
2023-06-03;2023;6;Junho;Jun;2023-06;202306;2;T2;2023-T2;3;6;Sábado;Sim;23
2023-06-04;2023;6;Junho;Jun;2023-06;202306;2;T2;2023-T2;4;7;Domingo;Sim;23
2023-06-05;2023;6;Junho;Jun;2023-06;202306;2;T2;2023-T2;5;1;Segunda-feira;Não;24
2023-06-06;2023;6;Junho;Jun;2023-06;202306;2;T2;2023-T2;6;2;Terça-feira;Não;24
2023-06-07;2023;6;Junho;Jun;2023-06;202306;2;T2;2023-T2;7;3;Quarta-feira;Não;24
2023-06-08;2023;6;Junho;Jun;2023-06;202306;2;T2;2023-T2;8;4;Quinta-feira;Não;24
2023-06-09;2023;6;Junho;Jun;2023-06;202306;2;T2;2023-T2;9;5;Sexta-feira;Não;24
2023-06-10;2023;6;Junho;Jun;2023-06;202306;2;T2;2023-T2;10;6;Sábado;Sim;24
2023-06-11;2023;6;Junho;Jun;2023-06;202306;2;T2;2023-T2;11;7;Domingo;Sim;24
2023-06-12;2023;6;Junho;Jun;2023-06;202306;2;T2;2023-T2;12;1;Segunda-feira;Não;25
2023-06-13;2023;6;Junho;Jun;2023-06;202306;2;T2;2023-T2;13;2;Terça-feira;Não;25
2023-06-14;2023;6;Junho;Jun;2023-06;202306;2;T2;2023-T2;14;3;Quarta-feira;Não;25
2023-06-15;2023;6;Junho;Jun;2023-06;202306;2;T2;2023-T2;15;4;Quinta-feira;Não;25
2023-06-16;2023;6;Junho;Jun;2023-06;202306;2;T2;2023-T2;16;5;Sexta-feira;Não;25
2023-06-17;2023;6;Junho;Jun;2023-06;202306;2;T2;2023-T2;17;6;Sábado;Sim;25
2023-06-18;2023;6;Junho;Jun;2023-06;202306;2;T2;2023-T2;18;7;Domingo;Sim;25
2023-06-19;2023;6;Junho;Jun;2023-06;202306;2;T2;2023-T2;19;1;Segunda-feira;Não;26
2023-06-20;2023;6;Junho;Jun;2023-06;202306;2;T2;2023-T2;20;2;Terça-feira;Não;26
2023-06-21;2023;6;Junho;Jun;2023-06;202306;2;T2;2023-T2;21;3;Quarta-feira;Não;26
2023-06-22;2023;6;Junho;Jun;2023-06;202306;2;T2;2023-T2;22;4;Quinta-feira;Não;26
2023-06-23;2023;6;Junho;Jun;2023-06;202306;2;T2;2023-T2;23;5;Sexta-feira;Não;26
2023-06-24;2023;6;Junho;Jun;2023-06;202306;2;T2;2023-T2;24;6;Sábado;Sim;26
2023-06-25;2023;6;Junho;Jun;2023-06;202306;2;T2;2023-T2;25;7;Domingo;Sim;26
2023-06-26;2023;6;Junho;Jun;2023-06;202306;2;T2;2023-T2;26;1;Segunda-feira;Não;27
2023-06-27;2023;6;Junho;Jun;2023-06;202306;2;T2;2023-T2;27;2;Terça-feira;Não;27
2023-06-28;2023;6;Junho;Jun;2023-06;202306;2;T2;2023-T2;28;3;Quarta-feira;Não;27
2023-06-29;2023;6;Junho;Jun;2023-06;202306;2;T2;2023-T2;29;4;Quinta-feira;Não;27
2023-06-30;2023;6;Junho;Jun;2023-06;202306;2;T2;2023-T2;30;5;Sexta-feira;Não;27
2023-07-01;2023;7;Julho;Jul;2023-07;202307;3;T3;2023-T3;1;6;Sábado;Sim;27
2023-07-02;2023;7;Julho;Jul;2023-07;202307;3;T3;2023-T3;2;7;Domingo;Sim;27
2023-07-03;2023;7;Julho;Jul;2023-07;202307;3;T3;2023-T3;3;1;Segunda-feira;Não;28
2023-07-04;2023;7;Julho;Jul;2023-07;202307;3;T3;2023-T3;4;2;Terça-feira;Não;28
2023-07-05;2023;7;Julho;Jul;2023-07;202307;3;T3;2023-T3;5;3;Quarta-feira;Não;28
2023-07-06;2023;7;Julho;Jul;2023-07;202307;3;T3;2023-T3;6;4;Quinta-feira;Não;28
2023-07-07;2023;7;Julho;Jul;2023-07;202307;3;T3;2023-T3;7;5;Sexta-feira;Não;28
2023-07-08;2023;7;Julho;Jul;2023-07;202307;3;T3;2023-T3;8;6;Sábado;Sim;28
2023-07-09;2023;7;Julho;Jul;2023-07;202307;3;T3;2023-T3;9;7;Domingo;Sim;28
2023-07-10;2023;7;Julho;Jul;2023-07;202307;3;T3;2023-T3;10;1;Segunda-feira;Não;29
2023-07-11;2023;7;Julho;Jul;2023-07;202307;3;T3;2023-T3;11;2;Terça-feira;Não;29
2023-07-12;2023;7;Julho;Jul;2023-07;202307;3;T3;2023-T3;12;3;Quarta-feira;Não;29
2023-07-13;2023;7;Julho;Jul;2023-07;202307;3;T3;2023-T3;13;4;Quinta-feira;Não;29
2023-07-14;2023;7;Julho;Jul;2023-07;202307;3;T3;2023-T3;14;5;Sexta-feira;Não;29
2023-07-15;2023;7;Julho;Jul;2023-07;202307;3;T3;2023-T3;15;6;Sábado;Sim;29
2023-07-16;2023;7;Julho;Jul;2023-07;202307;3;T3;2023-T3;16;7;Domingo;Sim;29
2023-07-17;2023;7;Julho;Jul;2023-07;202307;3;T3;2023-T3;17;1;Segunda-feira;Não;30
2023-07-18;2023;7;Julho;Jul;2023-07;202307;3;T3;2023-T3;18;2;Terça-feira;Não;30
2023-07-19;2023;7;Julho;Jul;2023-07;202307;3;T3;2023-T3;19;3;Quarta-feira;Não;30
2023-07-20;2023;7;Julho;Jul;2023-07;202307;3;T3;2023-T3;20;4;Quinta-feira;Não;30
2023-07-21;2023;7;Julho;Jul;2023-07;202307;3;T3;2023-T3;21;5;Sexta-feira;Não;30
2023-07-22;2023;7;Julho;Jul;2023-07;202307;3;T3;2023-T3;22;6;Sábado;Sim;30
2023-07-23;2023;7;Julho;Jul;2023-07;202307;3;T3;2023-T3;23;7;Domingo;Sim;30
2023-07-24;2023;7;Julho;Jul;2023-07;202307;3;T3;2023-T3;24;1;Segunda-feira;Não;31
2023-07-25;2023;7;Julho;Jul;2023-07;202307;3;T3;2023-T3;25;2;Terça-feira;Não;31
2023-07-26;2023;7;Julho;Jul;2023-07;202307;3;T3;2023-T3;26;3;Quarta-feira;Não;31
2023-07-27;2023;7;Julho;Jul;2023-07;202307;3;T3;2023-T3;27;4;Quinta-feira;Não;31
2023-07-28;2023;7;Julho;Jul;2023-07;202307;3;T3;2023-T3;28;5;Sexta-feira;Não;31
2023-07-29;2023;7;Julho;Jul;2023-07;202307;3;T3;2023-T3;29;6;Sábado;Sim;31
2023-07-30;2023;7;Julho;Jul;2023-07;202307;3;T3;2023-T3;30;7;Domingo;Sim;31
2023-07-31;2023;7;Julho;Jul;2023-07;202307;3;T3;2023-T3;31;1;Segunda-feira;Não;32
2023-08-01;2023;8;Agosto;Ago;2023-08;202308;3;T3;2023-T3;1;2;Terça-feira;Não;32
2023-08-02;2023;8;Agosto;Ago;2023-08;202308;3;T3;2023-T3;2;3;Quarta-feira;Não;32
2023-08-03;2023;8;Agosto;Ago;2023-08;202308;3;T3;2023-T3;3;4;Quinta-feira;Não;32
2023-08-04;2023;8;Agosto;Ago;2023-08;202308;3;T3;2023-T3;4;5;Sexta-feira;Não;32
2023-08-05;2023;8;Agosto;Ago;2023-08;202308;3;T3;2023-T3;5;6;Sábado;Sim;32
2023-08-06;2023;8;Agosto;Ago;2023-08;202308;3;T3;2023-T3;6;7;Domingo;Sim;32
2023-08-07;2023;8;Agosto;Ago;2023-08;202308;3;T3;2023-T3;7;1;Segunda-feira;Não;33
2023-08-08;2023;8;Agosto;Ago;2023-08;202308;3;T3;2023-T3;8;2;Terça-feira;Não;33
2023-08-09;2023;8;Agosto;Ago;2023-08;202308;3;T3;2023-T3;9;3;Quarta-feira;Não;33
2023-08-10;2023;8;Agosto;Ago;2023-08;202308;3;T3;2023-T3;10;4;Quinta-feira;Não;33
2023-08-11;2023;8;Agosto;Ago;2023-08;202308;3;T3;2023-T3;11;5;Sexta-feira;Não;33
2023-08-12;2023;8;Agosto;Ago;2023-08;202308;3;T3;2023-T3;12;6;Sábado;Sim;33
2023-08-13;2023;8;Agosto;Ago;2023-08;202308;3;T3;2023-T3;13;7;Domingo;Sim;33
2023-08-14;2023;8;Agosto;Ago;2023-08;202308;3;T3;2023-T3;14;1;Segunda-feira;Não;34
2023-08-15;2023;8;Agosto;Ago;2023-08;202308;3;T3;2023-T3;15;2;Terça-feira;Não;34
2023-08-16;2023;8;Agosto;Ago;2023-08;202308;3;T3;2023-T3;16;3;Quarta-feira;Não;34
2023-08-17;2023;8;Agosto;Ago;2023-08;202308;3;T3;2023-T3;17;4;Quinta-feira;Não;34
2023-08-18;2023;8;Agosto;Ago;2023-08;202308;3;T3;2023-T3;18;5;Sexta-feira;Não;34
2023-08-19;2023;8;Agosto;Ago;2023-08;202308;3;T3;2023-T3;19;6;Sábado;Sim;34
2023-08-20;2023;8;Agosto;Ago;2023-08;202308;3;T3;2023-T3;20;7;Domingo;Sim;34
2023-08-21;2023;8;Agosto;Ago;2023-08;202308;3;T3;2023-T3;21;1;Segunda-feira;Não;35
2023-08-22;2023;8;Agosto;Ago;2023-08;202308;3;T3;2023-T3;22;2;Terça-feira;Não;35
2023-08-23;2023;8;Agosto;Ago;2023-08;202308;3;T3;2023-T3;23;3;Quarta-feira;Não;35
2023-08-24;2023;8;Agosto;Ago;2023-08;202308;3;T3;2023-T3;24;4;Quinta-feira;Não;35
2023-08-25;2023;8;Agosto;Ago;2023-08;202308;3;T3;2023-T3;25;5;Sexta-feira;Não;35
2023-08-26;2023;8;Agosto;Ago;2023-08;202308;3;T3;2023-T3;26;6;Sábado;Sim;35
2023-08-27;2023;8;Agosto;Ago;2023-08;202308;3;T3;2023-T3;27;7;Domingo;Sim;35
2023-08-28;2023;8;Agosto;Ago;2023-08;202308;3;T3;2023-T3;28;1;Segunda-feira;Não;36
2023-08-29;2023;8;Agosto;Ago;2023-08;202308;3;T3;2023-T3;29;2;Terça-feira;Não;36
2023-08-30;2023;8;Agosto;Ago;2023-08;202308;3;T3;2023-T3;30;3;Quarta-feira;Não;36
2023-08-31;2023;8;Agosto;Ago;2023-08;202308;3;T3;2023-T3;31;4;Quinta-feira;Não;36
2023-09-01;2023;9;Setembro;Set;2023-09;202309;3;T3;2023-T3;1;5;Sexta-feira;Não;36
2023-09-02;2023;9;Setembro;Set;2023-09;202309;3;T3;2023-T3;2;6;Sábado;Sim;36
2023-09-03;2023;9;Setembro;Set;2023-09;202309;3;T3;2023-T3;3;7;Domingo;Sim;36
2023-09-04;2023;9;Setembro;Set;2023-09;202309;3;T3;2023-T3;4;1;Segunda-feira;Não;37
2023-09-05;2023;9;Setembro;Set;2023-09;202309;3;T3;2023-T3;5;2;Terça-feira;Não;37
2023-09-06;2023;9;Setembro;Set;2023-09;202309;3;T3;2023-T3;6;3;Quarta-feira;Não;37
2023-09-07;2023;9;Setembro;Set;2023-09;202309;3;T3;2023-T3;7;4;Quinta-feira;Não;37
2023-09-08;2023;9;Setembro;Set;2023-09;202309;3;T3;2023-T3;8;5;Sexta-feira;Não;37
2023-09-09;2023;9;Setembro;Set;2023-09;202309;3;T3;2023-T3;9;6;Sábado;Sim;37
2023-09-10;2023;9;Setembro;Set;2023-09;202309;3;T3;2023-T3;10;7;Domingo;Sim;37
2023-09-11;2023;9;Setembro;Set;2023-09;202309;3;T3;2023-T3;11;1;Segunda-feira;Não;38
2023-09-12;2023;9;Setembro;Set;2023-09;202309;3;T3;2023-T3;12;2;Terça-feira;Não;38
2023-09-13;2023;9;Setembro;Set;2023-09;202309;3;T3;2023-T3;13;3;Quarta-feira;Não;38
2023-09-14;2023;9;Setembro;Set;2023-09;202309;3;T3;2023-T3;14;4;Quinta-feira;Não;38
2023-09-15;2023;9;Setembro;Set;2023-09;202309;3;T3;2023-T3;15;5;Sexta-feira;Não;38
2023-09-16;2023;9;Setembro;Set;2023-09;202309;3;T3;2023-T3;16;6;Sábado;Sim;38
2023-09-17;2023;9;Setembro;Set;2023-09;202309;3;T3;2023-T3;17;7;Domingo;Sim;38
2023-09-18;2023;9;Setembro;Set;2023-09;202309;3;T3;2023-T3;18;1;Segunda-feira;Não;39
2023-09-19;2023;9;Setembro;Set;2023-09;202309;3;T3;2023-T3;19;2;Terça-feira;Não;39
2023-09-20;2023;9;Setembro;Set;2023-09;202309;3;T3;2023-T3;20;3;Quarta-feira;Não;39
2023-09-21;2023;9;Setembro;Set;2023-09;202309;3;T3;2023-T3;21;4;Quinta-feira;Não;39
2023-09-22;2023;9;Setembro;Set;2023-09;202309;3;T3;2023-T3;22;5;Sexta-feira;Não;39
2023-09-23;2023;9;Setembro;Set;2023-09;202309;3;T3;2023-T3;23;6;Sábado;Sim;39
2023-09-24;2023;9;Setembro;Set;2023-09;202309;3;T3;2023-T3;24;7;Domingo;Sim;39
2023-09-25;2023;9;Setembro;Set;2023-09;202309;3;T3;2023-T3;25;1;Segunda-feira;Não;40
2023-09-26;2023;9;Setembro;Set;2023-09;202309;3;T3;2023-T3;26;2;Terça-feira;Não;40
2023-09-27;2023;9;Setembro;Set;2023-09;202309;3;T3;2023-T3;27;3;Quarta-feira;Não;40
2023-09-28;2023;9;Setembro;Set;2023-09;202309;3;T3;2023-T3;28;4;Quinta-feira;Não;40
2023-09-29;2023;9;Setembro;Set;2023-09;202309;3;T3;2023-T3;29;5;Sexta-feira;Não;40
2023-09-30;2023;9;Setembro;Set;2023-09;202309;3;T3;2023-T3;30;6;Sábado;Sim;40
2023-10-01;2023;10;Outubro;Out;2023-10;202310;4;T4;2023-T4;1;7;Domingo;Sim;40
2023-10-02;2023;10;Outubro;Out;2023-10;202310;4;T4;2023-T4;2;1;Segunda-feira;Não;41
2023-10-03;2023;10;Outubro;Out;2023-10;202310;4;T4;2023-T4;3;2;Terça-feira;Não;41
2023-10-04;2023;10;Outubro;Out;2023-10;202310;4;T4;2023-T4;4;3;Quarta-feira;Não;41
2023-10-05;2023;10;Outubro;Out;2023-10;202310;4;T4;2023-T4;5;4;Quinta-feira;Não;41
2023-10-06;2023;10;Outubro;Out;2023-10;202310;4;T4;2023-T4;6;5;Sexta-feira;Não;41
2023-10-07;2023;10;Outubro;Out;2023-10;202310;4;T4;2023-T4;7;6;Sábado;Sim;41
2023-10-08;2023;10;Outubro;Out;2023-10;202310;4;T4;2023-T4;8;7;Domingo;Sim;41
2023-10-09;2023;10;Outubro;Out;2023-10;202310;4;T4;2023-T4;9;1;Segunda-feira;Não;42
2023-10-10;2023;10;Outubro;Out;2023-10;202310;4;T4;2023-T4;10;2;Terça-feira;Não;42
2023-10-11;2023;10;Outubro;Out;2023-10;202310;4;T4;2023-T4;11;3;Quarta-feira;Não;42
2023-10-12;2023;10;Outubro;Out;2023-10;202310;4;T4;2023-T4;12;4;Quinta-feira;Não;42
2023-10-13;2023;10;Outubro;Out;2023-10;202310;4;T4;2023-T4;13;5;Sexta-feira;Não;42
2023-10-14;2023;10;Outubro;Out;2023-10;202310;4;T4;2023-T4;14;6;Sábado;Sim;42
2023-10-15;2023;10;Outubro;Out;2023-10;202310;4;T4;2023-T4;15;7;Domingo;Sim;42
2023-10-16;2023;10;Outubro;Out;2023-10;202310;4;T4;2023-T4;16;1;Segunda-feira;Não;43
2023-10-17;2023;10;Outubro;Out;2023-10;202310;4;T4;2023-T4;17;2;Terça-feira;Não;43
2023-10-18;2023;10;Outubro;Out;2023-10;202310;4;T4;2023-T4;18;3;Quarta-feira;Não;43
2023-10-19;2023;10;Outubro;Out;2023-10;202310;4;T4;2023-T4;19;4;Quinta-feira;Não;43
2023-10-20;2023;10;Outubro;Out;2023-10;202310;4;T4;2023-T4;20;5;Sexta-feira;Não;43
2023-10-21;2023;10;Outubro;Out;2023-10;202310;4;T4;2023-T4;21;6;Sábado;Sim;43
2023-10-22;2023;10;Outubro;Out;2023-10;202310;4;T4;2023-T4;22;7;Domingo;Sim;43
2023-10-23;2023;10;Outubro;Out;2023-10;202310;4;T4;2023-T4;23;1;Segunda-feira;Não;44
2023-10-24;2023;10;Outubro;Out;2023-10;202310;4;T4;2023-T4;24;2;Terça-feira;Não;44
2023-10-25;2023;10;Outubro;Out;2023-10;202310;4;T4;2023-T4;25;3;Quarta-feira;Não;44
2023-10-26;2023;10;Outubro;Out;2023-10;202310;4;T4;2023-T4;26;4;Quinta-feira;Não;44
2023-10-27;2023;10;Outubro;Out;2023-10;202310;4;T4;2023-T4;27;5;Sexta-feira;Não;44
2023-10-28;2023;10;Outubro;Out;2023-10;202310;4;T4;2023-T4;28;6;Sábado;Sim;44
2023-10-29;2023;10;Outubro;Out;2023-10;202310;4;T4;2023-T4;29;7;Domingo;Sim;44
2023-10-30;2023;10;Outubro;Out;2023-10;202310;4;T4;2023-T4;30;1;Segunda-feira;Não;45
2023-10-31;2023;10;Outubro;Out;2023-10;202310;4;T4;2023-T4;31;2;Terça-feira;Não;45
2023-11-01;2023;11;Novembro;Nov;2023-11;202311;4;T4;2023-T4;1;3;Quarta-feira;Não;45
2023-11-02;2023;11;Novembro;Nov;2023-11;202311;4;T4;2023-T4;2;4;Quinta-feira;Não;45
2023-11-03;2023;11;Novembro;Nov;2023-11;202311;4;T4;2023-T4;3;5;Sexta-feira;Não;45
2023-11-04;2023;11;Novembro;Nov;2023-11;202311;4;T4;2023-T4;4;6;Sábado;Sim;45
2023-11-05;2023;11;Novembro;Nov;2023-11;202311;4;T4;2023-T4;5;7;Domingo;Sim;45
2023-11-06;2023;11;Novembro;Nov;2023-11;202311;4;T4;2023-T4;6;1;Segunda-feira;Não;46
2023-11-07;2023;11;Novembro;Nov;2023-11;202311;4;T4;2023-T4;7;2;Terça-feira;Não;46
2023-11-08;2023;11;Novembro;Nov;2023-11;202311;4;T4;2023-T4;8;3;Quarta-feira;Não;46
2023-11-09;2023;11;Novembro;Nov;2023-11;202311;4;T4;2023-T4;9;4;Quinta-feira;Não;46
2023-11-10;2023;11;Novembro;Nov;2023-11;202311;4;T4;2023-T4;10;5;Sexta-feira;Não;46
2023-11-11;2023;11;Novembro;Nov;2023-11;202311;4;T4;2023-T4;11;6;Sábado;Sim;46
2023-11-12;2023;11;Novembro;Nov;2023-11;202311;4;T4;2023-T4;12;7;Domingo;Sim;46
2023-11-13;2023;11;Novembro;Nov;2023-11;202311;4;T4;2023-T4;13;1;Segunda-feira;Não;47
2023-11-14;2023;11;Novembro;Nov;2023-11;202311;4;T4;2023-T4;14;2;Terça-feira;Não;47
2023-11-15;2023;11;Novembro;Nov;2023-11;202311;4;T4;2023-T4;15;3;Quarta-feira;Não;47
2023-11-16;2023;11;Novembro;Nov;2023-11;202311;4;T4;2023-T4;16;4;Quinta-feira;Não;47
2023-11-17;2023;11;Novembro;Nov;2023-11;202311;4;T4;2023-T4;17;5;Sexta-feira;Não;47
2023-11-18;2023;11;Novembro;Nov;2023-11;202311;4;T4;2023-T4;18;6;Sábado;Sim;47
2023-11-19;2023;11;Novembro;Nov;2023-11;202311;4;T4;2023-T4;19;7;Domingo;Sim;47
2023-11-20;2023;11;Novembro;Nov;2023-11;202311;4;T4;2023-T4;20;1;Segunda-feira;Não;48
2023-11-21;2023;11;Novembro;Nov;2023-11;202311;4;T4;2023-T4;21;2;Terça-feira;Não;48
2023-11-22;2023;11;Novembro;Nov;2023-11;202311;4;T4;2023-T4;22;3;Quarta-feira;Não;48
2023-11-23;2023;11;Novembro;Nov;2023-11;202311;4;T4;2023-T4;23;4;Quinta-feira;Não;48
2023-11-24;2023;11;Novembro;Nov;2023-11;202311;4;T4;2023-T4;24;5;Sexta-feira;Não;48
2023-11-25;2023;11;Novembro;Nov;2023-11;202311;4;T4;2023-T4;25;6;Sábado;Sim;48
2023-11-26;2023;11;Novembro;Nov;2023-11;202311;4;T4;2023-T4;26;7;Domingo;Sim;48
2023-11-27;2023;11;Novembro;Nov;2023-11;202311;4;T4;2023-T4;27;1;Segunda-feira;Não;49
2023-11-28;2023;11;Novembro;Nov;2023-11;202311;4;T4;2023-T4;28;2;Terça-feira;Não;49
2023-11-29;2023;11;Novembro;Nov;2023-11;202311;4;T4;2023-T4;29;3;Quarta-feira;Não;49
2023-11-30;2023;11;Novembro;Nov;2023-11;202311;4;T4;2023-T4;30;4;Quinta-feira;Não;49
2023-12-01;2023;12;Dezembro;Dez;2023-12;202312;4;T4;2023-T4;1;5;Sexta-feira;Não;49
2023-12-02;2023;12;Dezembro;Dez;2023-12;202312;4;T4;2023-T4;2;6;Sábado;Sim;49
2023-12-03;2023;12;Dezembro;Dez;2023-12;202312;4;T4;2023-T4;3;7;Domingo;Sim;49
2023-12-04;2023;12;Dezembro;Dez;2023-12;202312;4;T4;2023-T4;4;1;Segunda-feira;Não;50
2023-12-05;2023;12;Dezembro;Dez;2023-12;202312;4;T4;2023-T4;5;2;Terça-feira;Não;50
2023-12-06;2023;12;Dezembro;Dez;2023-12;202312;4;T4;2023-T4;6;3;Quarta-feira;Não;50
2023-12-07;2023;12;Dezembro;Dez;2023-12;202312;4;T4;2023-T4;7;4;Quinta-feira;Não;50
2023-12-08;2023;12;Dezembro;Dez;2023-12;202312;4;T4;2023-T4;8;5;Sexta-feira;Não;50
2023-12-09;2023;12;Dezembro;Dez;2023-12;202312;4;T4;2023-T4;9;6;Sábado;Sim;50
2023-12-10;2023;12;Dezembro;Dez;2023-12;202312;4;T4;2023-T4;10;7;Domingo;Sim;50
2023-12-11;2023;12;Dezembro;Dez;2023-12;202312;4;T4;2023-T4;11;1;Segunda-feira;Não;51
2023-12-12;2023;12;Dezembro;Dez;2023-12;202312;4;T4;2023-T4;12;2;Terça-feira;Não;51
2023-12-13;2023;12;Dezembro;Dez;2023-12;202312;4;T4;2023-T4;13;3;Quarta-feira;Não;51
2023-12-14;2023;12;Dezembro;Dez;2023-12;202312;4;T4;2023-T4;14;4;Quinta-feira;Não;51
2023-12-15;2023;12;Dezembro;Dez;2023-12;202312;4;T4;2023-T4;15;5;Sexta-feira;Não;51
2023-12-16;2023;12;Dezembro;Dez;2023-12;202312;4;T4;2023-T4;16;6;Sábado;Sim;51
2023-12-17;2023;12;Dezembro;Dez;2023-12;202312;4;T4;2023-T4;17;7;Domingo;Sim;51
2023-12-18;2023;12;Dezembro;Dez;2023-12;202312;4;T4;2023-T4;18;1;Segunda-feira;Não;52
2023-12-19;2023;12;Dezembro;Dez;2023-12;202312;4;T4;2023-T4;19;2;Terça-feira;Não;52
2023-12-20;2023;12;Dezembro;Dez;2023-12;202312;4;T4;2023-T4;20;3;Quarta-feira;Não;52
2023-12-21;2023;12;Dezembro;Dez;2023-12;202312;4;T4;2023-T4;21;4;Quinta-feira;Não;52
2023-12-22;2023;12;Dezembro;Dez;2023-12;202312;4;T4;2023-T4;22;5;Sexta-feira;Não;52
2023-12-23;2023;12;Dezembro;Dez;2023-12;202312;4;T4;2023-T4;23;6;Sábado;Sim;52
2023-12-24;2023;12;Dezembro;Dez;2023-12;202312;4;T4;2023-T4;24;7;Domingo;Sim;52
2023-12-25;2023;12;Dezembro;Dez;2023-12;202312;4;T4;2023-T4;25;1;Segunda-feira;Não;53
2023-12-26;2023;12;Dezembro;Dez;2023-12;202312;4;T4;2023-T4;26;2;Terça-feira;Não;53
2023-12-27;2023;12;Dezembro;Dez;2023-12;202312;4;T4;2023-T4;27;3;Quarta-feira;Não;53
2023-12-28;2023;12;Dezembro;Dez;2023-12;202312;4;T4;2023-T4;28;4;Quinta-feira;Não;53
2023-12-29;2023;12;Dezembro;Dez;2023-12;202312;4;T4;2023-T4;29;5;Sexta-feira;Não;53
2023-12-30;2023;12;Dezembro;Dez;2023-12;202312;4;T4;2023-T4;30;6;Sábado;Sim;53
2023-12-31;2023;12;Dezembro;Dez;2023-12;202312;4;T4;2023-T4;31;7;Domingo;Sim;53
2024-01-01;2024;1;Janeiro;Jan;2024-01;202401;1;T1;2024-T1;1;1;Segunda-feira;Não;2
2024-01-02;2024;1;Janeiro;Jan;2024-01;202401;1;T1;2024-T1;2;2;Terça-feira;Não;2
2024-01-03;2024;1;Janeiro;Jan;2024-01;202401;1;T1;2024-T1;3;3;Quarta-feira;Não;2
2024-01-04;2024;1;Janeiro;Jan;2024-01;202401;1;T1;2024-T1;4;4;Quinta-feira;Não;2
2024-01-05;2024;1;Janeiro;Jan;2024-01;202401;1;T1;2024-T1;5;5;Sexta-feira;Não;2
2024-01-06;2024;1;Janeiro;Jan;2024-01;202401;1;T1;2024-T1;6;6;Sábado;Sim;2
2024-01-07;2024;1;Janeiro;Jan;2024-01;202401;1;T1;2024-T1;7;7;Domingo;Sim;2
2024-01-08;2024;1;Janeiro;Jan;2024-01;202401;1;T1;2024-T1;8;1;Segunda-feira;Não;3
2024-01-09;2024;1;Janeiro;Jan;2024-01;202401;1;T1;2024-T1;9;2;Terça-feira;Não;3
2024-01-10;2024;1;Janeiro;Jan;2024-01;202401;1;T1;2024-T1;10;3;Quarta-feira;Não;3
2024-01-11;2024;1;Janeiro;Jan;2024-01;202401;1;T1;2024-T1;11;4;Quinta-feira;Não;3
2024-01-12;2024;1;Janeiro;Jan;2024-01;202401;1;T1;2024-T1;12;5;Sexta-feira;Não;3
2024-01-13;2024;1;Janeiro;Jan;2024-01;202401;1;T1;2024-T1;13;6;Sábado;Sim;3
2024-01-14;2024;1;Janeiro;Jan;2024-01;202401;1;T1;2024-T1;14;7;Domingo;Sim;3
2024-01-15;2024;1;Janeiro;Jan;2024-01;202401;1;T1;2024-T1;15;1;Segunda-feira;Não;4
2024-01-16;2024;1;Janeiro;Jan;2024-01;202401;1;T1;2024-T1;16;2;Terça-feira;Não;4
2024-01-17;2024;1;Janeiro;Jan;2024-01;202401;1;T1;2024-T1;17;3;Quarta-feira;Não;4
2024-01-18;2024;1;Janeiro;Jan;2024-01;202401;1;T1;2024-T1;18;4;Quinta-feira;Não;4
2024-01-19;2024;1;Janeiro;Jan;2024-01;202401;1;T1;2024-T1;19;5;Sexta-feira;Não;4
2024-01-20;2024;1;Janeiro;Jan;2024-01;202401;1;T1;2024-T1;20;6;Sábado;Sim;4
2024-01-21;2024;1;Janeiro;Jan;2024-01;202401;1;T1;2024-T1;21;7;Domingo;Sim;4
2024-01-22;2024;1;Janeiro;Jan;2024-01;202401;1;T1;2024-T1;22;1;Segunda-feira;Não;5
2024-01-23;2024;1;Janeiro;Jan;2024-01;202401;1;T1;2024-T1;23;2;Terça-feira;Não;5
2024-01-24;2024;1;Janeiro;Jan;2024-01;202401;1;T1;2024-T1;24;3;Quarta-feira;Não;5
2024-01-25;2024;1;Janeiro;Jan;2024-01;202401;1;T1;2024-T1;25;4;Quinta-feira;Não;5
2024-01-26;2024;1;Janeiro;Jan;2024-01;202401;1;T1;2024-T1;26;5;Sexta-feira;Não;5
2024-01-27;2024;1;Janeiro;Jan;2024-01;202401;1;T1;2024-T1;27;6;Sábado;Sim;5
2024-01-28;2024;1;Janeiro;Jan;2024-01;202401;1;T1;2024-T1;28;7;Domingo;Sim;5
2024-01-29;2024;1;Janeiro;Jan;2024-01;202401;1;T1;2024-T1;29;1;Segunda-feira;Não;6
2024-01-30;2024;1;Janeiro;Jan;2024-01;202401;1;T1;2024-T1;30;2;Terça-feira;Não;6
2024-01-31;2024;1;Janeiro;Jan;2024-01;202401;1;T1;2024-T1;31;3;Quarta-feira;Não;6
2024-02-01;2024;2;Fevereiro;Fev;2024-02;202402;1;T1;2024-T1;1;4;Quinta-feira;Não;6
2024-02-02;2024;2;Fevereiro;Fev;2024-02;202402;1;T1;2024-T1;2;5;Sexta-feira;Não;6
2024-02-03;2024;2;Fevereiro;Fev;2024-02;202402;1;T1;2024-T1;3;6;Sábado;Sim;6
2024-02-04;2024;2;Fevereiro;Fev;2024-02;202402;1;T1;2024-T1;4;7;Domingo;Sim;6
2024-02-05;2024;2;Fevereiro;Fev;2024-02;202402;1;T1;2024-T1;5;1;Segunda-feira;Não;7
2024-02-06;2024;2;Fevereiro;Fev;2024-02;202402;1;T1;2024-T1;6;2;Terça-feira;Não;7
2024-02-07;2024;2;Fevereiro;Fev;2024-02;202402;1;T1;2024-T1;7;3;Quarta-feira;Não;7
2024-02-08;2024;2;Fevereiro;Fev;2024-02;202402;1;T1;2024-T1;8;4;Quinta-feira;Não;7
2024-02-09;2024;2;Fevereiro;Fev;2024-02;202402;1;T1;2024-T1;9;5;Sexta-feira;Não;7
2024-02-10;2024;2;Fevereiro;Fev;2024-02;202402;1;T1;2024-T1;10;6;Sábado;Sim;7
2024-02-11;2024;2;Fevereiro;Fev;2024-02;202402;1;T1;2024-T1;11;7;Domingo;Sim;7
2024-02-12;2024;2;Fevereiro;Fev;2024-02;202402;1;T1;2024-T1;12;1;Segunda-feira;Não;8
2024-02-13;2024;2;Fevereiro;Fev;2024-02;202402;1;T1;2024-T1;13;2;Terça-feira;Não;8
2024-02-14;2024;2;Fevereiro;Fev;2024-02;202402;1;T1;2024-T1;14;3;Quarta-feira;Não;8
2024-02-15;2024;2;Fevereiro;Fev;2024-02;202402;1;T1;2024-T1;15;4;Quinta-feira;Não;8
2024-02-16;2024;2;Fevereiro;Fev;2024-02;202402;1;T1;2024-T1;16;5;Sexta-feira;Não;8
2024-02-17;2024;2;Fevereiro;Fev;2024-02;202402;1;T1;2024-T1;17;6;Sábado;Sim;8
2024-02-18;2024;2;Fevereiro;Fev;2024-02;202402;1;T1;2024-T1;18;7;Domingo;Sim;8
2024-02-19;2024;2;Fevereiro;Fev;2024-02;202402;1;T1;2024-T1;19;1;Segunda-feira;Não;9
2024-02-20;2024;2;Fevereiro;Fev;2024-02;202402;1;T1;2024-T1;20;2;Terça-feira;Não;9
2024-02-21;2024;2;Fevereiro;Fev;2024-02;202402;1;T1;2024-T1;21;3;Quarta-feira;Não;9
2024-02-22;2024;2;Fevereiro;Fev;2024-02;202402;1;T1;2024-T1;22;4;Quinta-feira;Não;9
2024-02-23;2024;2;Fevereiro;Fev;2024-02;202402;1;T1;2024-T1;23;5;Sexta-feira;Não;9
2024-02-24;2024;2;Fevereiro;Fev;2024-02;202402;1;T1;2024-T1;24;6;Sábado;Sim;9
2024-02-25;2024;2;Fevereiro;Fev;2024-02;202402;1;T1;2024-T1;25;7;Domingo;Sim;9
2024-02-26;2024;2;Fevereiro;Fev;2024-02;202402;1;T1;2024-T1;26;1;Segunda-feira;Não;10
2024-02-27;2024;2;Fevereiro;Fev;2024-02;202402;1;T1;2024-T1;27;2;Terça-feira;Não;10
2024-02-28;2024;2;Fevereiro;Fev;2024-02;202402;1;T1;2024-T1;28;3;Quarta-feira;Não;10
2024-02-29;2024;2;Fevereiro;Fev;2024-02;202402;1;T1;2024-T1;29;4;Quinta-feira;Não;10
2024-03-01;2024;3;Março;Mar;2024-03;202403;1;T1;2024-T1;1;5;Sexta-feira;Não;10
2024-03-02;2024;3;Março;Mar;2024-03;202403;1;T1;2024-T1;2;6;Sábado;Sim;10
2024-03-03;2024;3;Março;Mar;2024-03;202403;1;T1;2024-T1;3;7;Domingo;Sim;10
2024-03-04;2024;3;Março;Mar;2024-03;202403;1;T1;2024-T1;4;1;Segunda-feira;Não;11
2024-03-05;2024;3;Março;Mar;2024-03;202403;1;T1;2024-T1;5;2;Terça-feira;Não;11
2024-03-06;2024;3;Março;Mar;2024-03;202403;1;T1;2024-T1;6;3;Quarta-feira;Não;11
2024-03-07;2024;3;Março;Mar;2024-03;202403;1;T1;2024-T1;7;4;Quinta-feira;Não;11
2024-03-08;2024;3;Março;Mar;2024-03;202403;1;T1;2024-T1;8;5;Sexta-feira;Não;11
2024-03-09;2024;3;Março;Mar;2024-03;202403;1;T1;2024-T1;9;6;Sábado;Sim;11
2024-03-10;2024;3;Março;Mar;2024-03;202403;1;T1;2024-T1;10;7;Domingo;Sim;11
2024-03-11;2024;3;Março;Mar;2024-03;202403;1;T1;2024-T1;11;1;Segunda-feira;Não;12
2024-03-12;2024;3;Março;Mar;2024-03;202403;1;T1;2024-T1;12;2;Terça-feira;Não;12
2024-03-13;2024;3;Março;Mar;2024-03;202403;1;T1;2024-T1;13;3;Quarta-feira;Não;12
2024-03-14;2024;3;Março;Mar;2024-03;202403;1;T1;2024-T1;14;4;Quinta-feira;Não;12
2024-03-15;2024;3;Março;Mar;2024-03;202403;1;T1;2024-T1;15;5;Sexta-feira;Não;12
2024-03-16;2024;3;Março;Mar;2024-03;202403;1;T1;2024-T1;16;6;Sábado;Sim;12
2024-03-17;2024;3;Março;Mar;2024-03;202403;1;T1;2024-T1;17;7;Domingo;Sim;12
2024-03-18;2024;3;Março;Mar;2024-03;202403;1;T1;2024-T1;18;1;Segunda-feira;Não;13
2024-03-19;2024;3;Março;Mar;2024-03;202403;1;T1;2024-T1;19;2;Terça-feira;Não;13
2024-03-20;2024;3;Março;Mar;2024-03;202403;1;T1;2024-T1;20;3;Quarta-feira;Não;13
2024-03-21;2024;3;Março;Mar;2024-03;202403;1;T1;2024-T1;21;4;Quinta-feira;Não;13
2024-03-22;2024;3;Março;Mar;2024-03;202403;1;T1;2024-T1;22;5;Sexta-feira;Não;13
2024-03-23;2024;3;Março;Mar;2024-03;202403;1;T1;2024-T1;23;6;Sábado;Sim;13
2024-03-24;2024;3;Março;Mar;2024-03;202403;1;T1;2024-T1;24;7;Domingo;Sim;13
2024-03-25;2024;3;Março;Mar;2024-03;202403;1;T1;2024-T1;25;1;Segunda-feira;Não;14
2024-03-26;2024;3;Março;Mar;2024-03;202403;1;T1;2024-T1;26;2;Terça-feira;Não;14
2024-03-27;2024;3;Março;Mar;2024-03;202403;1;T1;2024-T1;27;3;Quarta-feira;Não;14
2024-03-28;2024;3;Março;Mar;2024-03;202403;1;T1;2024-T1;28;4;Quinta-feira;Não;14
2024-03-29;2024;3;Março;Mar;2024-03;202403;1;T1;2024-T1;29;5;Sexta-feira;Não;14
2024-03-30;2024;3;Março;Mar;2024-03;202403;1;T1;2024-T1;30;6;Sábado;Sim;14
2024-03-31;2024;3;Março;Mar;2024-03;202403;1;T1;2024-T1;31;7;Domingo;Sim;14
2024-04-01;2024;4;Abril;Abr;2024-04;202404;2;T2;2024-T2;1;1;Segunda-feira;Não;15
2024-04-02;2024;4;Abril;Abr;2024-04;202404;2;T2;2024-T2;2;2;Terça-feira;Não;15
2024-04-03;2024;4;Abril;Abr;2024-04;202404;2;T2;2024-T2;3;3;Quarta-feira;Não;15
2024-04-04;2024;4;Abril;Abr;2024-04;202404;2;T2;2024-T2;4;4;Quinta-feira;Não;15
2024-04-05;2024;4;Abril;Abr;2024-04;202404;2;T2;2024-T2;5;5;Sexta-feira;Não;15
2024-04-06;2024;4;Abril;Abr;2024-04;202404;2;T2;2024-T2;6;6;Sábado;Sim;15
2024-04-07;2024;4;Abril;Abr;2024-04;202404;2;T2;2024-T2;7;7;Domingo;Sim;15
2024-04-08;2024;4;Abril;Abr;2024-04;202404;2;T2;2024-T2;8;1;Segunda-feira;Não;16
2024-04-09;2024;4;Abril;Abr;2024-04;202404;2;T2;2024-T2;9;2;Terça-feira;Não;16
2024-04-10;2024;4;Abril;Abr;2024-04;202404;2;T2;2024-T2;10;3;Quarta-feira;Não;16
2024-04-11;2024;4;Abril;Abr;2024-04;202404;2;T2;2024-T2;11;4;Quinta-feira;Não;16
2024-04-12;2024;4;Abril;Abr;2024-04;202404;2;T2;2024-T2;12;5;Sexta-feira;Não;16
2024-04-13;2024;4;Abril;Abr;2024-04;202404;2;T2;2024-T2;13;6;Sábado;Sim;16
2024-04-14;2024;4;Abril;Abr;2024-04;202404;2;T2;2024-T2;14;7;Domingo;Sim;16
2024-04-15;2024;4;Abril;Abr;2024-04;202404;2;T2;2024-T2;15;1;Segunda-feira;Não;17
2024-04-16;2024;4;Abril;Abr;2024-04;202404;2;T2;2024-T2;16;2;Terça-feira;Não;17
2024-04-17;2024;4;Abril;Abr;2024-04;202404;2;T2;2024-T2;17;3;Quarta-feira;Não;17
2024-04-18;2024;4;Abril;Abr;2024-04;202404;2;T2;2024-T2;18;4;Quinta-feira;Não;17
2024-04-19;2024;4;Abril;Abr;2024-04;202404;2;T2;2024-T2;19;5;Sexta-feira;Não;17
2024-04-20;2024;4;Abril;Abr;2024-04;202404;2;T2;2024-T2;20;6;Sábado;Sim;17
2024-04-21;2024;4;Abril;Abr;2024-04;202404;2;T2;2024-T2;21;7;Domingo;Sim;17
2024-04-22;2024;4;Abril;Abr;2024-04;202404;2;T2;2024-T2;22;1;Segunda-feira;Não;18
2024-04-23;2024;4;Abril;Abr;2024-04;202404;2;T2;2024-T2;23;2;Terça-feira;Não;18
2024-04-24;2024;4;Abril;Abr;2024-04;202404;2;T2;2024-T2;24;3;Quarta-feira;Não;18
2024-04-25;2024;4;Abril;Abr;2024-04;202404;2;T2;2024-T2;25;4;Quinta-feira;Não;18
2024-04-26;2024;4;Abril;Abr;2024-04;202404;2;T2;2024-T2;26;5;Sexta-feira;Não;18
2024-04-27;2024;4;Abril;Abr;2024-04;202404;2;T2;2024-T2;27;6;Sábado;Sim;18
2024-04-28;2024;4;Abril;Abr;2024-04;202404;2;T2;2024-T2;28;7;Domingo;Sim;18
2024-04-29;2024;4;Abril;Abr;2024-04;202404;2;T2;2024-T2;29;1;Segunda-feira;Não;19
2024-04-30;2024;4;Abril;Abr;2024-04;202404;2;T2;2024-T2;30;2;Terça-feira;Não;19
2024-05-01;2024;5;Maio;Mai;2024-05;202405;2;T2;2024-T2;1;3;Quarta-feira;Não;19
2024-05-02;2024;5;Maio;Mai;2024-05;202405;2;T2;2024-T2;2;4;Quinta-feira;Não;19
2024-05-03;2024;5;Maio;Mai;2024-05;202405;2;T2;2024-T2;3;5;Sexta-feira;Não;19
2024-05-04;2024;5;Maio;Mai;2024-05;202405;2;T2;2024-T2;4;6;Sábado;Sim;19
2024-05-05;2024;5;Maio;Mai;2024-05;202405;2;T2;2024-T2;5;7;Domingo;Sim;19
2024-05-06;2024;5;Maio;Mai;2024-05;202405;2;T2;2024-T2;6;1;Segunda-feira;Não;20
2024-05-07;2024;5;Maio;Mai;2024-05;202405;2;T2;2024-T2;7;2;Terça-feira;Não;20
2024-05-08;2024;5;Maio;Mai;2024-05;202405;2;T2;2024-T2;8;3;Quarta-feira;Não;20
2024-05-09;2024;5;Maio;Mai;2024-05;202405;2;T2;2024-T2;9;4;Quinta-feira;Não;20
2024-05-10;2024;5;Maio;Mai;2024-05;202405;2;T2;2024-T2;10;5;Sexta-feira;Não;20
2024-05-11;2024;5;Maio;Mai;2024-05;202405;2;T2;2024-T2;11;6;Sábado;Sim;20
2024-05-12;2024;5;Maio;Mai;2024-05;202405;2;T2;2024-T2;12;7;Domingo;Sim;20
2024-05-13;2024;5;Maio;Mai;2024-05;202405;2;T2;2024-T2;13;1;Segunda-feira;Não;21
2024-05-14;2024;5;Maio;Mai;2024-05;202405;2;T2;2024-T2;14;2;Terça-feira;Não;21
2024-05-15;2024;5;Maio;Mai;2024-05;202405;2;T2;2024-T2;15;3;Quarta-feira;Não;21
2024-05-16;2024;5;Maio;Mai;2024-05;202405;2;T2;2024-T2;16;4;Quinta-feira;Não;21
2024-05-17;2024;5;Maio;Mai;2024-05;202405;2;T2;2024-T2;17;5;Sexta-feira;Não;21
2024-05-18;2024;5;Maio;Mai;2024-05;202405;2;T2;2024-T2;18;6;Sábado;Sim;21
2024-05-19;2024;5;Maio;Mai;2024-05;202405;2;T2;2024-T2;19;7;Domingo;Sim;21
2024-05-20;2024;5;Maio;Mai;2024-05;202405;2;T2;2024-T2;20;1;Segunda-feira;Não;22
2024-05-21;2024;5;Maio;Mai;2024-05;202405;2;T2;2024-T2;21;2;Terça-feira;Não;22
2024-05-22;2024;5;Maio;Mai;2024-05;202405;2;T2;2024-T2;22;3;Quarta-feira;Não;22
2024-05-23;2024;5;Maio;Mai;2024-05;202405;2;T2;2024-T2;23;4;Quinta-feira;Não;22
2024-05-24;2024;5;Maio;Mai;2024-05;202405;2;T2;2024-T2;24;5;Sexta-feira;Não;22
2024-05-25;2024;5;Maio;Mai;2024-05;202405;2;T2;2024-T2;25;6;Sábado;Sim;22
2024-05-26;2024;5;Maio;Mai;2024-05;202405;2;T2;2024-T2;26;7;Domingo;Sim;22
2024-05-27;2024;5;Maio;Mai;2024-05;202405;2;T2;2024-T2;27;1;Segunda-feira;Não;23
2024-05-28;2024;5;Maio;Mai;2024-05;202405;2;T2;2024-T2;28;2;Terça-feira;Não;23
2024-05-29;2024;5;Maio;Mai;2024-05;202405;2;T2;2024-T2;29;3;Quarta-feira;Não;23
2024-05-30;2024;5;Maio;Mai;2024-05;202405;2;T2;2024-T2;30;4;Quinta-feira;Não;23
2024-05-31;2024;5;Maio;Mai;2024-05;202405;2;T2;2024-T2;31;5;Sexta-feira;Não;23
2024-06-01;2024;6;Junho;Jun;2024-06;202406;2;T2;2024-T2;1;6;Sábado;Sim;23
2024-06-02;2024;6;Junho;Jun;2024-06;202406;2;T2;2024-T2;2;7;Domingo;Sim;23
2024-06-03;2024;6;Junho;Jun;2024-06;202406;2;T2;2024-T2;3;1;Segunda-feira;Não;24
2024-06-04;2024;6;Junho;Jun;2024-06;202406;2;T2;2024-T2;4;2;Terça-feira;Não;24
2024-06-05;2024;6;Junho;Jun;2024-06;202406;2;T2;2024-T2;5;3;Quarta-feira;Não;24
2024-06-06;2024;6;Junho;Jun;2024-06;202406;2;T2;2024-T2;6;4;Quinta-feira;Não;24
2024-06-07;2024;6;Junho;Jun;2024-06;202406;2;T2;2024-T2;7;5;Sexta-feira;Não;24
2024-06-08;2024;6;Junho;Jun;2024-06;202406;2;T2;2024-T2;8;6;Sábado;Sim;24
2024-06-09;2024;6;Junho;Jun;2024-06;202406;2;T2;2024-T2;9;7;Domingo;Sim;24
2024-06-10;2024;6;Junho;Jun;2024-06;202406;2;T2;2024-T2;10;1;Segunda-feira;Não;25
2024-06-11;2024;6;Junho;Jun;2024-06;202406;2;T2;2024-T2;11;2;Terça-feira;Não;25
2024-06-12;2024;6;Junho;Jun;2024-06;202406;2;T2;2024-T2;12;3;Quarta-feira;Não;25
2024-06-13;2024;6;Junho;Jun;2024-06;202406;2;T2;2024-T2;13;4;Quinta-feira;Não;25
2024-06-14;2024;6;Junho;Jun;2024-06;202406;2;T2;2024-T2;14;5;Sexta-feira;Não;25
2024-06-15;2024;6;Junho;Jun;2024-06;202406;2;T2;2024-T2;15;6;Sábado;Sim;25
2024-06-16;2024;6;Junho;Jun;2024-06;202406;2;T2;2024-T2;16;7;Domingo;Sim;25
2024-06-17;2024;6;Junho;Jun;2024-06;202406;2;T2;2024-T2;17;1;Segunda-feira;Não;26
2024-06-18;2024;6;Junho;Jun;2024-06;202406;2;T2;2024-T2;18;2;Terça-feira;Não;26
2024-06-19;2024;6;Junho;Jun;2024-06;202406;2;T2;2024-T2;19;3;Quarta-feira;Não;26
2024-06-20;2024;6;Junho;Jun;2024-06;202406;2;T2;2024-T2;20;4;Quinta-feira;Não;26
2024-06-21;2024;6;Junho;Jun;2024-06;202406;2;T2;2024-T2;21;5;Sexta-feira;Não;26
2024-06-22;2024;6;Junho;Jun;2024-06;202406;2;T2;2024-T2;22;6;Sábado;Sim;26
2024-06-23;2024;6;Junho;Jun;2024-06;202406;2;T2;2024-T2;23;7;Domingo;Sim;26
2024-06-24;2024;6;Junho;Jun;2024-06;202406;2;T2;2024-T2;24;1;Segunda-feira;Não;27
2024-06-25;2024;6;Junho;Jun;2024-06;202406;2;T2;2024-T2;25;2;Terça-feira;Não;27
2024-06-26;2024;6;Junho;Jun;2024-06;202406;2;T2;2024-T2;26;3;Quarta-feira;Não;27
2024-06-27;2024;6;Junho;Jun;2024-06;202406;2;T2;2024-T2;27;4;Quinta-feira;Não;27
2024-06-28;2024;6;Junho;Jun;2024-06;202406;2;T2;2024-T2;28;5;Sexta-feira;Não;27
2024-06-29;2024;6;Junho;Jun;2024-06;202406;2;T2;2024-T2;29;6;Sábado;Sim;27
2024-06-30;2024;6;Junho;Jun;2024-06;202406;2;T2;2024-T2;30;7;Domingo;Sim;27
2024-07-01;2024;7;Julho;Jul;2024-07;202407;3;T3;2024-T3;1;1;Segunda-feira;Não;28
2024-07-02;2024;7;Julho;Jul;2024-07;202407;3;T3;2024-T3;2;2;Terça-feira;Não;28
2024-07-03;2024;7;Julho;Jul;2024-07;202407;3;T3;2024-T3;3;3;Quarta-feira;Não;28
2024-07-04;2024;7;Julho;Jul;2024-07;202407;3;T3;2024-T3;4;4;Quinta-feira;Não;28
2024-07-05;2024;7;Julho;Jul;2024-07;202407;3;T3;2024-T3;5;5;Sexta-feira;Não;28
2024-07-06;2024;7;Julho;Jul;2024-07;202407;3;T3;2024-T3;6;6;Sábado;Sim;28
2024-07-07;2024;7;Julho;Jul;2024-07;202407;3;T3;2024-T3;7;7;Domingo;Sim;28
2024-07-08;2024;7;Julho;Jul;2024-07;202407;3;T3;2024-T3;8;1;Segunda-feira;Não;29
2024-07-09;2024;7;Julho;Jul;2024-07;202407;3;T3;2024-T3;9;2;Terça-feira;Não;29
2024-07-10;2024;7;Julho;Jul;2024-07;202407;3;T3;2024-T3;10;3;Quarta-feira;Não;29
2024-07-11;2024;7;Julho;Jul;2024-07;202407;3;T3;2024-T3;11;4;Quinta-feira;Não;29
2024-07-12;2024;7;Julho;Jul;2024-07;202407;3;T3;2024-T3;12;5;Sexta-feira;Não;29
2024-07-13;2024;7;Julho;Jul;2024-07;202407;3;T3;2024-T3;13;6;Sábado;Sim;29
2024-07-14;2024;7;Julho;Jul;2024-07;202407;3;T3;2024-T3;14;7;Domingo;Sim;29
2024-07-15;2024;7;Julho;Jul;2024-07;202407;3;T3;2024-T3;15;1;Segunda-feira;Não;30
2024-07-16;2024;7;Julho;Jul;2024-07;202407;3;T3;2024-T3;16;2;Terça-feira;Não;30
2024-07-17;2024;7;Julho;Jul;2024-07;202407;3;T3;2024-T3;17;3;Quarta-feira;Não;30
2024-07-18;2024;7;Julho;Jul;2024-07;202407;3;T3;2024-T3;18;4;Quinta-feira;Não;30
2024-07-19;2024;7;Julho;Jul;2024-07;202407;3;T3;2024-T3;19;5;Sexta-feira;Não;30
2024-07-20;2024;7;Julho;Jul;2024-07;202407;3;T3;2024-T3;20;6;Sábado;Sim;30
2024-07-21;2024;7;Julho;Jul;2024-07;202407;3;T3;2024-T3;21;7;Domingo;Sim;30
2024-07-22;2024;7;Julho;Jul;2024-07;202407;3;T3;2024-T3;22;1;Segunda-feira;Não;31
2024-07-23;2024;7;Julho;Jul;2024-07;202407;3;T3;2024-T3;23;2;Terça-feira;Não;31
2024-07-24;2024;7;Julho;Jul;2024-07;202407;3;T3;2024-T3;24;3;Quarta-feira;Não;31
2024-07-25;2024;7;Julho;Jul;2024-07;202407;3;T3;2024-T3;25;4;Quinta-feira;Não;31
2024-07-26;2024;7;Julho;Jul;2024-07;202407;3;T3;2024-T3;26;5;Sexta-feira;Não;31
2024-07-27;2024;7;Julho;Jul;2024-07;202407;3;T3;2024-T3;27;6;Sábado;Sim;31
2024-07-28;2024;7;Julho;Jul;2024-07;202407;3;T3;2024-T3;28;7;Domingo;Sim;31
2024-07-29;2024;7;Julho;Jul;2024-07;202407;3;T3;2024-T3;29;1;Segunda-feira;Não;32
2024-07-30;2024;7;Julho;Jul;2024-07;202407;3;T3;2024-T3;30;2;Terça-feira;Não;32
2024-07-31;2024;7;Julho;Jul;2024-07;202407;3;T3;2024-T3;31;3;Quarta-feira;Não;32
2024-08-01;2024;8;Agosto;Ago;2024-08;202408;3;T3;2024-T3;1;4;Quinta-feira;Não;32
2024-08-02;2024;8;Agosto;Ago;2024-08;202408;3;T3;2024-T3;2;5;Sexta-feira;Não;32
2024-08-03;2024;8;Agosto;Ago;2024-08;202408;3;T3;2024-T3;3;6;Sábado;Sim;32
2024-08-04;2024;8;Agosto;Ago;2024-08;202408;3;T3;2024-T3;4;7;Domingo;Sim;32
2024-08-05;2024;8;Agosto;Ago;2024-08;202408;3;T3;2024-T3;5;1;Segunda-feira;Não;33
2024-08-06;2024;8;Agosto;Ago;2024-08;202408;3;T3;2024-T3;6;2;Terça-feira;Não;33
2024-08-07;2024;8;Agosto;Ago;2024-08;202408;3;T3;2024-T3;7;3;Quarta-feira;Não;33
2024-08-08;2024;8;Agosto;Ago;2024-08;202408;3;T3;2024-T3;8;4;Quinta-feira;Não;33
2024-08-09;2024;8;Agosto;Ago;2024-08;202408;3;T3;2024-T3;9;5;Sexta-feira;Não;33
2024-08-10;2024;8;Agosto;Ago;2024-08;202408;3;T3;2024-T3;10;6;Sábado;Sim;33
2024-08-11;2024;8;Agosto;Ago;2024-08;202408;3;T3;2024-T3;11;7;Domingo;Sim;33
2024-08-12;2024;8;Agosto;Ago;2024-08;202408;3;T3;2024-T3;12;1;Segunda-feira;Não;34
2024-08-13;2024;8;Agosto;Ago;2024-08;202408;3;T3;2024-T3;13;2;Terça-feira;Não;34
2024-08-14;2024;8;Agosto;Ago;2024-08;202408;3;T3;2024-T3;14;3;Quarta-feira;Não;34
2024-08-15;2024;8;Agosto;Ago;2024-08;202408;3;T3;2024-T3;15;4;Quinta-feira;Não;34
2024-08-16;2024;8;Agosto;Ago;2024-08;202408;3;T3;2024-T3;16;5;Sexta-feira;Não;34
2024-08-17;2024;8;Agosto;Ago;2024-08;202408;3;T3;2024-T3;17;6;Sábado;Sim;34
2024-08-18;2024;8;Agosto;Ago;2024-08;202408;3;T3;2024-T3;18;7;Domingo;Sim;34
2024-08-19;2024;8;Agosto;Ago;2024-08;202408;3;T3;2024-T3;19;1;Segunda-feira;Não;35
2024-08-20;2024;8;Agosto;Ago;2024-08;202408;3;T3;2024-T3;20;2;Terça-feira;Não;35
2024-08-21;2024;8;Agosto;Ago;2024-08;202408;3;T3;2024-T3;21;3;Quarta-feira;Não;35
2024-08-22;2024;8;Agosto;Ago;2024-08;202408;3;T3;2024-T3;22;4;Quinta-feira;Não;35
2024-08-23;2024;8;Agosto;Ago;2024-08;202408;3;T3;2024-T3;23;5;Sexta-feira;Não;35
2024-08-24;2024;8;Agosto;Ago;2024-08;202408;3;T3;2024-T3;24;6;Sábado;Sim;35
2024-08-25;2024;8;Agosto;Ago;2024-08;202408;3;T3;2024-T3;25;7;Domingo;Sim;35
2024-08-26;2024;8;Agosto;Ago;2024-08;202408;3;T3;2024-T3;26;1;Segunda-feira;Não;36
2024-08-27;2024;8;Agosto;Ago;2024-08;202408;3;T3;2024-T3;27;2;Terça-feira;Não;36
2024-08-28;2024;8;Agosto;Ago;2024-08;202408;3;T3;2024-T3;28;3;Quarta-feira;Não;36
2024-08-29;2024;8;Agosto;Ago;2024-08;202408;3;T3;2024-T3;29;4;Quinta-feira;Não;36
2024-08-30;2024;8;Agosto;Ago;2024-08;202408;3;T3;2024-T3;30;5;Sexta-feira;Não;36
2024-08-31;2024;8;Agosto;Ago;2024-08;202408;3;T3;2024-T3;31;6;Sábado;Sim;36
2024-09-01;2024;9;Setembro;Set;2024-09;202409;3;T3;2024-T3;1;7;Domingo;Sim;36
2024-09-02;2024;9;Setembro;Set;2024-09;202409;3;T3;2024-T3;2;1;Segunda-feira;Não;37
2024-09-03;2024;9;Setembro;Set;2024-09;202409;3;T3;2024-T3;3;2;Terça-feira;Não;37
2024-09-04;2024;9;Setembro;Set;2024-09;202409;3;T3;2024-T3;4;3;Quarta-feira;Não;37
2024-09-05;2024;9;Setembro;Set;2024-09;202409;3;T3;2024-T3;5;4;Quinta-feira;Não;37
2024-09-06;2024;9;Setembro;Set;2024-09;202409;3;T3;2024-T3;6;5;Sexta-feira;Não;37
2024-09-07;2024;9;Setembro;Set;2024-09;202409;3;T3;2024-T3;7;6;Sábado;Sim;37
2024-09-08;2024;9;Setembro;Set;2024-09;202409;3;T3;2024-T3;8;7;Domingo;Sim;37
2024-09-09;2024;9;Setembro;Set;2024-09;202409;3;T3;2024-T3;9;1;Segunda-feira;Não;38
2024-09-10;2024;9;Setembro;Set;2024-09;202409;3;T3;2024-T3;10;2;Terça-feira;Não;38
2024-09-11;2024;9;Setembro;Set;2024-09;202409;3;T3;2024-T3;11;3;Quarta-feira;Não;38
2024-09-12;2024;9;Setembro;Set;2024-09;202409;3;T3;2024-T3;12;4;Quinta-feira;Não;38
2024-09-13;2024;9;Setembro;Set;2024-09;202409;3;T3;2024-T3;13;5;Sexta-feira;Não;38
2024-09-14;2024;9;Setembro;Set;2024-09;202409;3;T3;2024-T3;14;6;Sábado;Sim;38
2024-09-15;2024;9;Setembro;Set;2024-09;202409;3;T3;2024-T3;15;7;Domingo;Sim;38
2024-09-16;2024;9;Setembro;Set;2024-09;202409;3;T3;2024-T3;16;1;Segunda-feira;Não;39
2024-09-17;2024;9;Setembro;Set;2024-09;202409;3;T3;2024-T3;17;2;Terça-feira;Não;39
2024-09-18;2024;9;Setembro;Set;2024-09;202409;3;T3;2024-T3;18;3;Quarta-feira;Não;39
2024-09-19;2024;9;Setembro;Set;2024-09;202409;3;T3;2024-T3;19;4;Quinta-feira;Não;39
2024-09-20;2024;9;Setembro;Set;2024-09;202409;3;T3;2024-T3;20;5;Sexta-feira;Não;39
2024-09-21;2024;9;Setembro;Set;2024-09;202409;3;T3;2024-T3;21;6;Sábado;Sim;39
2024-09-22;2024;9;Setembro;Set;2024-09;202409;3;T3;2024-T3;22;7;Domingo;Sim;39
2024-09-23;2024;9;Setembro;Set;2024-09;202409;3;T3;2024-T3;23;1;Segunda-feira;Não;40
2024-09-24;2024;9;Setembro;Set;2024-09;202409;3;T3;2024-T3;24;2;Terça-feira;Não;40
2024-09-25;2024;9;Setembro;Set;2024-09;202409;3;T3;2024-T3;25;3;Quarta-feira;Não;40
2024-09-26;2024;9;Setembro;Set;2024-09;202409;3;T3;2024-T3;26;4;Quinta-feira;Não;40
2024-09-27;2024;9;Setembro;Set;2024-09;202409;3;T3;2024-T3;27;5;Sexta-feira;Não;40
2024-09-28;2024;9;Setembro;Set;2024-09;202409;3;T3;2024-T3;28;6;Sábado;Sim;40
2024-09-29;2024;9;Setembro;Set;2024-09;202409;3;T3;2024-T3;29;7;Domingo;Sim;40
2024-09-30;2024;9;Setembro;Set;2024-09;202409;3;T3;2024-T3;30;1;Segunda-feira;Não;41
2024-10-01;2024;10;Outubro;Out;2024-10;202410;4;T4;2024-T4;1;2;Terça-feira;Não;41
2024-10-02;2024;10;Outubro;Out;2024-10;202410;4;T4;2024-T4;2;3;Quarta-feira;Não;41
2024-10-03;2024;10;Outubro;Out;2024-10;202410;4;T4;2024-T4;3;4;Quinta-feira;Não;41
2024-10-04;2024;10;Outubro;Out;2024-10;202410;4;T4;2024-T4;4;5;Sexta-feira;Não;41
2024-10-05;2024;10;Outubro;Out;2024-10;202410;4;T4;2024-T4;5;6;Sábado;Sim;41
2024-10-06;2024;10;Outubro;Out;2024-10;202410;4;T4;2024-T4;6;7;Domingo;Sim;41
2024-10-07;2024;10;Outubro;Out;2024-10;202410;4;T4;2024-T4;7;1;Segunda-feira;Não;42
2024-10-08;2024;10;Outubro;Out;2024-10;202410;4;T4;2024-T4;8;2;Terça-feira;Não;42
2024-10-09;2024;10;Outubro;Out;2024-10;202410;4;T4;2024-T4;9;3;Quarta-feira;Não;42
2024-10-10;2024;10;Outubro;Out;2024-10;202410;4;T4;2024-T4;10;4;Quinta-feira;Não;42
2024-10-11;2024;10;Outubro;Out;2024-10;202410;4;T4;2024-T4;11;5;Sexta-feira;Não;42
2024-10-12;2024;10;Outubro;Out;2024-10;202410;4;T4;2024-T4;12;6;Sábado;Sim;42
2024-10-13;2024;10;Outubro;Out;2024-10;202410;4;T4;2024-T4;13;7;Domingo;Sim;42
2024-10-14;2024;10;Outubro;Out;2024-10;202410;4;T4;2024-T4;14;1;Segunda-feira;Não;43
2024-10-15;2024;10;Outubro;Out;2024-10;202410;4;T4;2024-T4;15;2;Terça-feira;Não;43
2024-10-16;2024;10;Outubro;Out;2024-10;202410;4;T4;2024-T4;16;3;Quarta-feira;Não;43
2024-10-17;2024;10;Outubro;Out;2024-10;202410;4;T4;2024-T4;17;4;Quinta-feira;Não;43
2024-10-18;2024;10;Outubro;Out;2024-10;202410;4;T4;2024-T4;18;5;Sexta-feira;Não;43
2024-10-19;2024;10;Outubro;Out;2024-10;202410;4;T4;2024-T4;19;6;Sábado;Sim;43
2024-10-20;2024;10;Outubro;Out;2024-10;202410;4;T4;2024-T4;20;7;Domingo;Sim;43
2024-10-21;2024;10;Outubro;Out;2024-10;202410;4;T4;2024-T4;21;1;Segunda-feira;Não;44
2024-10-22;2024;10;Outubro;Out;2024-10;202410;4;T4;2024-T4;22;2;Terça-feira;Não;44
2024-10-23;2024;10;Outubro;Out;2024-10;202410;4;T4;2024-T4;23;3;Quarta-feira;Não;44
2024-10-24;2024;10;Outubro;Out;2024-10;202410;4;T4;2024-T4;24;4;Quinta-feira;Não;44
2024-10-25;2024;10;Outubro;Out;2024-10;202410;4;T4;2024-T4;25;5;Sexta-feira;Não;44
2024-10-26;2024;10;Outubro;Out;2024-10;202410;4;T4;2024-T4;26;6;Sábado;Sim;44
2024-10-27;2024;10;Outubro;Out;2024-10;202410;4;T4;2024-T4;27;7;Domingo;Sim;44
2024-10-28;2024;10;Outubro;Out;2024-10;202410;4;T4;2024-T4;28;1;Segunda-feira;Não;45
2024-10-29;2024;10;Outubro;Out;2024-10;202410;4;T4;2024-T4;29;2;Terça-feira;Não;45
2024-10-30;2024;10;Outubro;Out;2024-10;202410;4;T4;2024-T4;30;3;Quarta-feira;Não;45
2024-10-31;2024;10;Outubro;Out;2024-10;202410;4;T4;2024-T4;31;4;Quinta-feira;Não;45
2024-11-01;2024;11;Novembro;Nov;2024-11;202411;4;T4;2024-T4;1;5;Sexta-feira;Não;45
2024-11-02;2024;11;Novembro;Nov;2024-11;202411;4;T4;2024-T4;2;6;Sábado;Sim;45
2024-11-03;2024;11;Novembro;Nov;2024-11;202411;4;T4;2024-T4;3;7;Domingo;Sim;45
2024-11-04;2024;11;Novembro;Nov;2024-11;202411;4;T4;2024-T4;4;1;Segunda-feira;Não;46
2024-11-05;2024;11;Novembro;Nov;2024-11;202411;4;T4;2024-T4;5;2;Terça-feira;Não;46
2024-11-06;2024;11;Novembro;Nov;2024-11;202411;4;T4;2024-T4;6;3;Quarta-feira;Não;46
2024-11-07;2024;11;Novembro;Nov;2024-11;202411;4;T4;2024-T4;7;4;Quinta-feira;Não;46
2024-11-08;2024;11;Novembro;Nov;2024-11;202411;4;T4;2024-T4;8;5;Sexta-feira;Não;46
2024-11-09;2024;11;Novembro;Nov;2024-11;202411;4;T4;2024-T4;9;6;Sábado;Sim;46
2024-11-10;2024;11;Novembro;Nov;2024-11;202411;4;T4;2024-T4;10;7;Domingo;Sim;46
2024-11-11;2024;11;Novembro;Nov;2024-11;202411;4;T4;2024-T4;11;1;Segunda-feira;Não;47
2024-11-12;2024;11;Novembro;Nov;2024-11;202411;4;T4;2024-T4;12;2;Terça-feira;Não;47
2024-11-13;2024;11;Novembro;Nov;2024-11;202411;4;T4;2024-T4;13;3;Quarta-feira;Não;47
2024-11-14;2024;11;Novembro;Nov;2024-11;202411;4;T4;2024-T4;14;4;Quinta-feira;Não;47
2024-11-15;2024;11;Novembro;Nov;2024-11;202411;4;T4;2024-T4;15;5;Sexta-feira;Não;47
2024-11-16;2024;11;Novembro;Nov;2024-11;202411;4;T4;2024-T4;16;6;Sábado;Sim;47
2024-11-17;2024;11;Novembro;Nov;2024-11;202411;4;T4;2024-T4;17;7;Domingo;Sim;47
2024-11-18;2024;11;Novembro;Nov;2024-11;202411;4;T4;2024-T4;18;1;Segunda-feira;Não;48
2024-11-19;2024;11;Novembro;Nov;2024-11;202411;4;T4;2024-T4;19;2;Terça-feira;Não;48
2024-11-20;2024;11;Novembro;Nov;2024-11;202411;4;T4;2024-T4;20;3;Quarta-feira;Não;48
2024-11-21;2024;11;Novembro;Nov;2024-11;202411;4;T4;2024-T4;21;4;Quinta-feira;Não;48
2024-11-22;2024;11;Novembro;Nov;2024-11;202411;4;T4;2024-T4;22;5;Sexta-feira;Não;48
2024-11-23;2024;11;Novembro;Nov;2024-11;202411;4;T4;2024-T4;23;6;Sábado;Sim;48
2024-11-24;2024;11;Novembro;Nov;2024-11;202411;4;T4;2024-T4;24;7;Domingo;Sim;48
2024-11-25;2024;11;Novembro;Nov;2024-11;202411;4;T4;2024-T4;25;1;Segunda-feira;Não;49
2024-11-26;2024;11;Novembro;Nov;2024-11;202411;4;T4;2024-T4;26;2;Terça-feira;Não;49
2024-11-27;2024;11;Novembro;Nov;2024-11;202411;4;T4;2024-T4;27;3;Quarta-feira;Não;49
2024-11-28;2024;11;Novembro;Nov;2024-11;202411;4;T4;2024-T4;28;4;Quinta-feira;Não;49
2024-11-29;2024;11;Novembro;Nov;2024-11;202411;4;T4;2024-T4;29;5;Sexta-feira;Não;49
2024-11-30;2024;11;Novembro;Nov;2024-11;202411;4;T4;2024-T4;30;6;Sábado;Sim;49
2024-12-01;2024;12;Dezembro;Dez;2024-12;202412;4;T4;2024-T4;1;7;Domingo;Sim;49
2024-12-02;2024;12;Dezembro;Dez;2024-12;202412;4;T4;2024-T4;2;1;Segunda-feira;Não;50
2024-12-03;2024;12;Dezembro;Dez;2024-12;202412;4;T4;2024-T4;3;2;Terça-feira;Não;50
2024-12-04;2024;12;Dezembro;Dez;2024-12;202412;4;T4;2024-T4;4;3;Quarta-feira;Não;50
2024-12-05;2024;12;Dezembro;Dez;2024-12;202412;4;T4;2024-T4;5;4;Quinta-feira;Não;50
2024-12-06;2024;12;Dezembro;Dez;2024-12;202412;4;T4;2024-T4;6;5;Sexta-feira;Não;50
2024-12-07;2024;12;Dezembro;Dez;2024-12;202412;4;T4;2024-T4;7;6;Sábado;Sim;50
2024-12-08;2024;12;Dezembro;Dez;2024-12;202412;4;T4;2024-T4;8;7;Domingo;Sim;50
2024-12-09;2024;12;Dezembro;Dez;2024-12;202412;4;T4;2024-T4;9;1;Segunda-feira;Não;51
2024-12-10;2024;12;Dezembro;Dez;2024-12;202412;4;T4;2024-T4;10;2;Terça-feira;Não;51
2024-12-11;2024;12;Dezembro;Dez;2024-12;202412;4;T4;2024-T4;11;3;Quarta-feira;Não;51
2024-12-12;2024;12;Dezembro;Dez;2024-12;202412;4;T4;2024-T4;12;4;Quinta-feira;Não;51
2024-12-13;2024;12;Dezembro;Dez;2024-12;202412;4;T4;2024-T4;13;5;Sexta-feira;Não;51
2024-12-14;2024;12;Dezembro;Dez;2024-12;202412;4;T4;2024-T4;14;6;Sábado;Sim;51
2024-12-15;2024;12;Dezembro;Dez;2024-12;202412;4;T4;2024-T4;15;7;Domingo;Sim;51
2024-12-16;2024;12;Dezembro;Dez;2024-12;202412;4;T4;2024-T4;16;1;Segunda-feira;Não;52
2024-12-17;2024;12;Dezembro;Dez;2024-12;202412;4;T4;2024-T4;17;2;Terça-feira;Não;52
2024-12-18;2024;12;Dezembro;Dez;2024-12;202412;4;T4;2024-T4;18;3;Quarta-feira;Não;52
2024-12-19;2024;12;Dezembro;Dez;2024-12;202412;4;T4;2024-T4;19;4;Quinta-feira;Não;52
2024-12-20;2024;12;Dezembro;Dez;2024-12;202412;4;T4;2024-T4;20;5;Sexta-feira;Não;52
2024-12-21;2024;12;Dezembro;Dez;2024-12;202412;4;T4;2024-T4;21;6;Sábado;Sim;52
2024-12-22;2024;12;Dezembro;Dez;2024-12;202412;4;T4;2024-T4;22;7;Domingo;Sim;52
2024-12-23;2024;12;Dezembro;Dez;2024-12;202412;4;T4;2024-T4;23;1;Segunda-feira;Não;53
2024-12-24;2024;12;Dezembro;Dez;2024-12;202412;4;T4;2024-T4;24;2;Terça-feira;Não;53
2024-12-25;2024;12;Dezembro;Dez;2024-12;202412;4;T4;2024-T4;25;3;Quarta-feira;Não;53
2024-12-26;2024;12;Dezembro;Dez;2024-12;202412;4;T4;2024-T4;26;4;Quinta-feira;Não;53
2024-12-27;2024;12;Dezembro;Dez;2024-12;202412;4;T4;2024-T4;27;5;Sexta-feira;Não;53
2024-12-28;2024;12;Dezembro;Dez;2024-12;202412;4;T4;2024-T4;28;6;Sábado;Sim;53
2024-12-29;2024;12;Dezembro;Dez;2024-12;202412;4;T4;2024-T4;29;7;Domingo;Sim;53
2024-12-30;2024;12;Dezembro;Dez;2024-12;202412;4;T4;2024-T4;30;1;Segunda-feira;Não;54
2024-12-31;2024;12;Dezembro;Dez;2024-12;202412;4;T4;2024-T4;31;2;Terça-feira;Não;54
2025-01-01;2025;1;Janeiro;Jan;2025-01;202501;1;T1;2025-T1;1;3;Quarta-feira;Não;1
2025-01-02;2025;1;Janeiro;Jan;2025-01;202501;1;T1;2025-T1;2;4;Quinta-feira;Não;1
2025-01-03;2025;1;Janeiro;Jan;2025-01;202501;1;T1;2025-T1;3;5;Sexta-feira;Não;1
2025-01-04;2025;1;Janeiro;Jan;2025-01;202501;1;T1;2025-T1;4;6;Sábado;Sim;1
2025-01-05;2025;1;Janeiro;Jan;2025-01;202501;1;T1;2025-T1;5;7;Domingo;Sim;1
2025-01-06;2025;1;Janeiro;Jan;2025-01;202501;1;T1;2025-T1;6;1;Segunda-feira;Não;2
2025-01-07;2025;1;Janeiro;Jan;2025-01;202501;1;T1;2025-T1;7;2;Terça-feira;Não;2
2025-01-08;2025;1;Janeiro;Jan;2025-01;202501;1;T1;2025-T1;8;3;Quarta-feira;Não;2
2025-01-09;2025;1;Janeiro;Jan;2025-01;202501;1;T1;2025-T1;9;4;Quinta-feira;Não;2
2025-01-10;2025;1;Janeiro;Jan;2025-01;202501;1;T1;2025-T1;10;5;Sexta-feira;Não;2
2025-01-11;2025;1;Janeiro;Jan;2025-01;202501;1;T1;2025-T1;11;6;Sábado;Sim;2
2025-01-12;2025;1;Janeiro;Jan;2025-01;202501;1;T1;2025-T1;12;7;Domingo;Sim;2
2025-01-13;2025;1;Janeiro;Jan;2025-01;202501;1;T1;2025-T1;13;1;Segunda-feira;Não;3
2025-01-14;2025;1;Janeiro;Jan;2025-01;202501;1;T1;2025-T1;14;2;Terça-feira;Não;3
2025-01-15;2025;1;Janeiro;Jan;2025-01;202501;1;T1;2025-T1;15;3;Quarta-feira;Não;3
2025-01-16;2025;1;Janeiro;Jan;2025-01;202501;1;T1;2025-T1;16;4;Quinta-feira;Não;3
2025-01-17;2025;1;Janeiro;Jan;2025-01;202501;1;T1;2025-T1;17;5;Sexta-feira;Não;3
2025-01-18;2025;1;Janeiro;Jan;2025-01;202501;1;T1;2025-T1;18;6;Sábado;Sim;3
2025-01-19;2025;1;Janeiro;Jan;2025-01;202501;1;T1;2025-T1;19;7;Domingo;Sim;3
2025-01-20;2025;1;Janeiro;Jan;2025-01;202501;1;T1;2025-T1;20;1;Segunda-feira;Não;4
2025-01-21;2025;1;Janeiro;Jan;2025-01;202501;1;T1;2025-T1;21;2;Terça-feira;Não;4
2025-01-22;2025;1;Janeiro;Jan;2025-01;202501;1;T1;2025-T1;22;3;Quarta-feira;Não;4
2025-01-23;2025;1;Janeiro;Jan;2025-01;202501;1;T1;2025-T1;23;4;Quinta-feira;Não;4
2025-01-24;2025;1;Janeiro;Jan;2025-01;202501;1;T1;2025-T1;24;5;Sexta-feira;Não;4
2025-01-25;2025;1;Janeiro;Jan;2025-01;202501;1;T1;2025-T1;25;6;Sábado;Sim;4
2025-01-26;2025;1;Janeiro;Jan;2025-01;202501;1;T1;2025-T1;26;7;Domingo;Sim;4
2025-01-27;2025;1;Janeiro;Jan;2025-01;202501;1;T1;2025-T1;27;1;Segunda-feira;Não;5
2025-01-28;2025;1;Janeiro;Jan;2025-01;202501;1;T1;2025-T1;28;2;Terça-feira;Não;5
2025-01-29;2025;1;Janeiro;Jan;2025-01;202501;1;T1;2025-T1;29;3;Quarta-feira;Não;5
2025-01-30;2025;1;Janeiro;Jan;2025-01;202501;1;T1;2025-T1;30;4;Quinta-feira;Não;5
2025-01-31;2025;1;Janeiro;Jan;2025-01;202501;1;T1;2025-T1;31;5;Sexta-feira;Não;5
2025-02-01;2025;2;Fevereiro;Fev;2025-02;202502;1;T1;2025-T1;1;6;Sábado;Sim;5
2025-02-02;2025;2;Fevereiro;Fev;2025-02;202502;1;T1;2025-T1;2;7;Domingo;Sim;5
2025-02-03;2025;2;Fevereiro;Fev;2025-02;202502;1;T1;2025-T1;3;1;Segunda-feira;Não;6
2025-02-04;2025;2;Fevereiro;Fev;2025-02;202502;1;T1;2025-T1;4;2;Terça-feira;Não;6
2025-02-05;2025;2;Fevereiro;Fev;2025-02;202502;1;T1;2025-T1;5;3;Quarta-feira;Não;6
2025-02-06;2025;2;Fevereiro;Fev;2025-02;202502;1;T1;2025-T1;6;4;Quinta-feira;Não;6
2025-02-07;2025;2;Fevereiro;Fev;2025-02;202502;1;T1;2025-T1;7;5;Sexta-feira;Não;6
2025-02-08;2025;2;Fevereiro;Fev;2025-02;202502;1;T1;2025-T1;8;6;Sábado;Sim;6
2025-02-09;2025;2;Fevereiro;Fev;2025-02;202502;1;T1;2025-T1;9;7;Domingo;Sim;6
2025-02-10;2025;2;Fevereiro;Fev;2025-02;202502;1;T1;2025-T1;10;1;Segunda-feira;Não;7
2025-02-11;2025;2;Fevereiro;Fev;2025-02;202502;1;T1;2025-T1;11;2;Terça-feira;Não;7
2025-02-12;2025;2;Fevereiro;Fev;2025-02;202502;1;T1;2025-T1;12;3;Quarta-feira;Não;7
2025-02-13;2025;2;Fevereiro;Fev;2025-02;202502;1;T1;2025-T1;13;4;Quinta-feira;Não;7
2025-02-14;2025;2;Fevereiro;Fev;2025-02;202502;1;T1;2025-T1;14;5;Sexta-feira;Não;7
2025-02-15;2025;2;Fevereiro;Fev;2025-02;202502;1;T1;2025-T1;15;6;Sábado;Sim;7
2025-02-16;2025;2;Fevereiro;Fev;2025-02;202502;1;T1;2025-T1;16;7;Domingo;Sim;7
2025-02-17;2025;2;Fevereiro;Fev;2025-02;202502;1;T1;2025-T1;17;1;Segunda-feira;Não;8
2025-02-18;2025;2;Fevereiro;Fev;2025-02;202502;1;T1;2025-T1;18;2;Terça-feira;Não;8
2025-02-19;2025;2;Fevereiro;Fev;2025-02;202502;1;T1;2025-T1;19;3;Quarta-feira;Não;8
2025-02-20;2025;2;Fevereiro;Fev;2025-02;202502;1;T1;2025-T1;20;4;Quinta-feira;Não;8
2025-02-21;2025;2;Fevereiro;Fev;2025-02;202502;1;T1;2025-T1;21;5;Sexta-feira;Não;8
2025-02-22;2025;2;Fevereiro;Fev;2025-02;202502;1;T1;2025-T1;22;6;Sábado;Sim;8
2025-02-23;2025;2;Fevereiro;Fev;2025-02;202502;1;T1;2025-T1;23;7;Domingo;Sim;8
2025-02-24;2025;2;Fevereiro;Fev;2025-02;202502;1;T1;2025-T1;24;1;Segunda-feira;Não;9
2025-02-25;2025;2;Fevereiro;Fev;2025-02;202502;1;T1;2025-T1;25;2;Terça-feira;Não;9
2025-02-26;2025;2;Fevereiro;Fev;2025-02;202502;1;T1;2025-T1;26;3;Quarta-feira;Não;9
2025-02-27;2025;2;Fevereiro;Fev;2025-02;202502;1;T1;2025-T1;27;4;Quinta-feira;Não;9
2025-02-28;2025;2;Fevereiro;Fev;2025-02;202502;1;T1;2025-T1;28;5;Sexta-feira;Não;9
2025-03-01;2025;3;Março;Mar;2025-03;202503;1;T1;2025-T1;1;6;Sábado;Sim;9
2025-03-02;2025;3;Março;Mar;2025-03;202503;1;T1;2025-T1;2;7;Domingo;Sim;9
2025-03-03;2025;3;Março;Mar;2025-03;202503;1;T1;2025-T1;3;1;Segunda-feira;Não;10
2025-03-04;2025;3;Março;Mar;2025-03;202503;1;T1;2025-T1;4;2;Terça-feira;Não;10
2025-03-05;2025;3;Março;Mar;2025-03;202503;1;T1;2025-T1;5;3;Quarta-feira;Não;10
2025-03-06;2025;3;Março;Mar;2025-03;202503;1;T1;2025-T1;6;4;Quinta-feira;Não;10
2025-03-07;2025;3;Março;Mar;2025-03;202503;1;T1;2025-T1;7;5;Sexta-feira;Não;10
2025-03-08;2025;3;Março;Mar;2025-03;202503;1;T1;2025-T1;8;6;Sábado;Sim;10
2025-03-09;2025;3;Março;Mar;2025-03;202503;1;T1;2025-T1;9;7;Domingo;Sim;10
2025-03-10;2025;3;Março;Mar;2025-03;202503;1;T1;2025-T1;10;1;Segunda-feira;Não;11
2025-03-11;2025;3;Março;Mar;2025-03;202503;1;T1;2025-T1;11;2;Terça-feira;Não;11
2025-03-12;2025;3;Março;Mar;2025-03;202503;1;T1;2025-T1;12;3;Quarta-feira;Não;11
2025-03-13;2025;3;Março;Mar;2025-03;202503;1;T1;2025-T1;13;4;Quinta-feira;Não;11
2025-03-14;2025;3;Março;Mar;2025-03;202503;1;T1;2025-T1;14;5;Sexta-feira;Não;11
2025-03-15;2025;3;Março;Mar;2025-03;202503;1;T1;2025-T1;15;6;Sábado;Sim;11
2025-03-16;2025;3;Março;Mar;2025-03;202503;1;T1;2025-T1;16;7;Domingo;Sim;11
2025-03-17;2025;3;Março;Mar;2025-03;202503;1;T1;2025-T1;17;1;Segunda-feira;Não;12
2025-03-18;2025;3;Março;Mar;2025-03;202503;1;T1;2025-T1;18;2;Terça-feira;Não;12
2025-03-19;2025;3;Março;Mar;2025-03;202503;1;T1;2025-T1;19;3;Quarta-feira;Não;12
2025-03-20;2025;3;Março;Mar;2025-03;202503;1;T1;2025-T1;20;4;Quinta-feira;Não;12
2025-03-21;2025;3;Março;Mar;2025-03;202503;1;T1;2025-T1;21;5;Sexta-feira;Não;12
2025-03-22;2025;3;Março;Mar;2025-03;202503;1;T1;2025-T1;22;6;Sábado;Sim;12
2025-03-23;2025;3;Março;Mar;2025-03;202503;1;T1;2025-T1;23;7;Domingo;Sim;12
2025-03-24;2025;3;Março;Mar;2025-03;202503;1;T1;2025-T1;24;1;Segunda-feira;Não;13
2025-03-25;2025;3;Março;Mar;2025-03;202503;1;T1;2025-T1;25;2;Terça-feira;Não;13
2025-03-26;2025;3;Março;Mar;2025-03;202503;1;T1;2025-T1;26;3;Quarta-feira;Não;13
2025-03-27;2025;3;Março;Mar;2025-03;202503;1;T1;2025-T1;27;4;Quinta-feira;Não;13
2025-03-28;2025;3;Março;Mar;2025-03;202503;1;T1;2025-T1;28;5;Sexta-feira;Não;13
2025-03-29;2025;3;Março;Mar;2025-03;202503;1;T1;2025-T1;29;6;Sábado;Sim;13
2025-03-30;2025;3;Março;Mar;2025-03;202503;1;T1;2025-T1;30;7;Domingo;Sim;13
2025-03-31;2025;3;Março;Mar;2025-03;202503;1;T1;2025-T1;31;1;Segunda-feira;Não;14
2025-04-01;2025;4;Abril;Abr;2025-04;202504;2;T2;2025-T2;1;2;Terça-feira;Não;14
2025-04-02;2025;4;Abril;Abr;2025-04;202504;2;T2;2025-T2;2;3;Quarta-feira;Não;14
2025-04-03;2025;4;Abril;Abr;2025-04;202504;2;T2;2025-T2;3;4;Quinta-feira;Não;14
2025-04-04;2025;4;Abril;Abr;2025-04;202504;2;T2;2025-T2;4;5;Sexta-feira;Não;14
2025-04-05;2025;4;Abril;Abr;2025-04;202504;2;T2;2025-T2;5;6;Sábado;Sim;14
2025-04-06;2025;4;Abril;Abr;2025-04;202504;2;T2;2025-T2;6;7;Domingo;Sim;14
2025-04-07;2025;4;Abril;Abr;2025-04;202504;2;T2;2025-T2;7;1;Segunda-feira;Não;15
2025-04-08;2025;4;Abril;Abr;2025-04;202504;2;T2;2025-T2;8;2;Terça-feira;Não;15
2025-04-09;2025;4;Abril;Abr;2025-04;202504;2;T2;2025-T2;9;3;Quarta-feira;Não;15
2025-04-10;2025;4;Abril;Abr;2025-04;202504;2;T2;2025-T2;10;4;Quinta-feira;Não;15
2025-04-11;2025;4;Abril;Abr;2025-04;202504;2;T2;2025-T2;11;5;Sexta-feira;Não;15
2025-04-12;2025;4;Abril;Abr;2025-04;202504;2;T2;2025-T2;12;6;Sábado;Sim;15
2025-04-13;2025;4;Abril;Abr;2025-04;202504;2;T2;2025-T2;13;7;Domingo;Sim;15
2025-04-14;2025;4;Abril;Abr;2025-04;202504;2;T2;2025-T2;14;1;Segunda-feira;Não;16
2025-04-15;2025;4;Abril;Abr;2025-04;202504;2;T2;2025-T2;15;2;Terça-feira;Não;16
2025-04-16;2025;4;Abril;Abr;2025-04;202504;2;T2;2025-T2;16;3;Quarta-feira;Não;16
2025-04-17;2025;4;Abril;Abr;2025-04;202504;2;T2;2025-T2;17;4;Quinta-feira;Não;16
2025-04-18;2025;4;Abril;Abr;2025-04;202504;2;T2;2025-T2;18;5;Sexta-feira;Não;16
2025-04-19;2025;4;Abril;Abr;2025-04;202504;2;T2;2025-T2;19;6;Sábado;Sim;16
2025-04-20;2025;4;Abril;Abr;2025-04;202504;2;T2;2025-T2;20;7;Domingo;Sim;16
2025-04-21;2025;4;Abril;Abr;2025-04;202504;2;T2;2025-T2;21;1;Segunda-feira;Não;17
2025-04-22;2025;4;Abril;Abr;2025-04;202504;2;T2;2025-T2;22;2;Terça-feira;Não;17
2025-04-23;2025;4;Abril;Abr;2025-04;202504;2;T2;2025-T2;23;3;Quarta-feira;Não;17
2025-04-24;2025;4;Abril;Abr;2025-04;202504;2;T2;2025-T2;24;4;Quinta-feira;Não;17
2025-04-25;2025;4;Abril;Abr;2025-04;202504;2;T2;2025-T2;25;5;Sexta-feira;Não;17
2025-04-26;2025;4;Abril;Abr;2025-04;202504;2;T2;2025-T2;26;6;Sábado;Sim;17
2025-04-27;2025;4;Abril;Abr;2025-04;202504;2;T2;2025-T2;27;7;Domingo;Sim;17
2025-04-28;2025;4;Abril;Abr;2025-04;202504;2;T2;2025-T2;28;1;Segunda-feira;Não;18
2025-04-29;2025;4;Abril;Abr;2025-04;202504;2;T2;2025-T2;29;2;Terça-feira;Não;18
2025-04-30;2025;4;Abril;Abr;2025-04;202504;2;T2;2025-T2;30;3;Quarta-feira;Não;18
2025-05-01;2025;5;Maio;Mai;2025-05;202505;2;T2;2025-T2;1;4;Quinta-feira;Não;18
2025-05-02;2025;5;Maio;Mai;2025-05;202505;2;T2;2025-T2;2;5;Sexta-feira;Não;18
2025-05-03;2025;5;Maio;Mai;2025-05;202505;2;T2;2025-T2;3;6;Sábado;Sim;18
2025-05-04;2025;5;Maio;Mai;2025-05;202505;2;T2;2025-T2;4;7;Domingo;Sim;18
2025-05-05;2025;5;Maio;Mai;2025-05;202505;2;T2;2025-T2;5;1;Segunda-feira;Não;19
2025-05-06;2025;5;Maio;Mai;2025-05;202505;2;T2;2025-T2;6;2;Terça-feira;Não;19
2025-05-07;2025;5;Maio;Mai;2025-05;202505;2;T2;2025-T2;7;3;Quarta-feira;Não;19
2025-05-08;2025;5;Maio;Mai;2025-05;202505;2;T2;2025-T2;8;4;Quinta-feira;Não;19
2025-05-09;2025;5;Maio;Mai;2025-05;202505;2;T2;2025-T2;9;5;Sexta-feira;Não;19
2025-05-10;2025;5;Maio;Mai;2025-05;202505;2;T2;2025-T2;10;6;Sábado;Sim;19
2025-05-11;2025;5;Maio;Mai;2025-05;202505;2;T2;2025-T2;11;7;Domingo;Sim;19
2025-05-12;2025;5;Maio;Mai;2025-05;202505;2;T2;2025-T2;12;1;Segunda-feira;Não;20
2025-05-13;2025;5;Maio;Mai;2025-05;202505;2;T2;2025-T2;13;2;Terça-feira;Não;20
2025-05-14;2025;5;Maio;Mai;2025-05;202505;2;T2;2025-T2;14;3;Quarta-feira;Não;20
2025-05-15;2025;5;Maio;Mai;2025-05;202505;2;T2;2025-T2;15;4;Quinta-feira;Não;20
2025-05-16;2025;5;Maio;Mai;2025-05;202505;2;T2;2025-T2;16;5;Sexta-feira;Não;20
2025-05-17;2025;5;Maio;Mai;2025-05;202505;2;T2;2025-T2;17;6;Sábado;Sim;20
2025-05-18;2025;5;Maio;Mai;2025-05;202505;2;T2;2025-T2;18;7;Domingo;Sim;20
2025-05-19;2025;5;Maio;Mai;2025-05;202505;2;T2;2025-T2;19;1;Segunda-feira;Não;21
2025-05-20;2025;5;Maio;Mai;2025-05;202505;2;T2;2025-T2;20;2;Terça-feira;Não;21
2025-05-21;2025;5;Maio;Mai;2025-05;202505;2;T2;2025-T2;21;3;Quarta-feira;Não;21
2025-05-22;2025;5;Maio;Mai;2025-05;202505;2;T2;2025-T2;22;4;Quinta-feira;Não;21
2025-05-23;2025;5;Maio;Mai;2025-05;202505;2;T2;2025-T2;23;5;Sexta-feira;Não;21
2025-05-24;2025;5;Maio;Mai;2025-05;202505;2;T2;2025-T2;24;6;Sábado;Sim;21
2025-05-25;2025;5;Maio;Mai;2025-05;202505;2;T2;2025-T2;25;7;Domingo;Sim;21
2025-05-26;2025;5;Maio;Mai;2025-05;202505;2;T2;2025-T2;26;1;Segunda-feira;Não;22
2025-05-27;2025;5;Maio;Mai;2025-05;202505;2;T2;2025-T2;27;2;Terça-feira;Não;22
2025-05-28;2025;5;Maio;Mai;2025-05;202505;2;T2;2025-T2;28;3;Quarta-feira;Não;22
2025-05-29;2025;5;Maio;Mai;2025-05;202505;2;T2;2025-T2;29;4;Quinta-feira;Não;22
2025-05-30;2025;5;Maio;Mai;2025-05;202505;2;T2;2025-T2;30;5;Sexta-feira;Não;22
2025-05-31;2025;5;Maio;Mai;2025-05;202505;2;T2;2025-T2;31;6;Sábado;Sim;22
2025-06-01;2025;6;Junho;Jun;2025-06;202506;2;T2;2025-T2;1;7;Domingo;Sim;22
2025-06-02;2025;6;Junho;Jun;2025-06;202506;2;T2;2025-T2;2;1;Segunda-feira;Não;23
2025-06-03;2025;6;Junho;Jun;2025-06;202506;2;T2;2025-T2;3;2;Terça-feira;Não;23
2025-06-04;2025;6;Junho;Jun;2025-06;202506;2;T2;2025-T2;4;3;Quarta-feira;Não;23
2025-06-05;2025;6;Junho;Jun;2025-06;202506;2;T2;2025-T2;5;4;Quinta-feira;Não;23
2025-06-06;2025;6;Junho;Jun;2025-06;202506;2;T2;2025-T2;6;5;Sexta-feira;Não;23
2025-06-07;2025;6;Junho;Jun;2025-06;202506;2;T2;2025-T2;7;6;Sábado;Sim;23
2025-06-08;2025;6;Junho;Jun;2025-06;202506;2;T2;2025-T2;8;7;Domingo;Sim;23
2025-06-09;2025;6;Junho;Jun;2025-06;202506;2;T2;2025-T2;9;1;Segunda-feira;Não;24
2025-06-10;2025;6;Junho;Jun;2025-06;202506;2;T2;2025-T2;10;2;Terça-feira;Não;24
2025-06-11;2025;6;Junho;Jun;2025-06;202506;2;T2;2025-T2;11;3;Quarta-feira;Não;24
2025-06-12;2025;6;Junho;Jun;2025-06;202506;2;T2;2025-T2;12;4;Quinta-feira;Não;24
2025-06-13;2025;6;Junho;Jun;2025-06;202506;2;T2;2025-T2;13;5;Sexta-feira;Não;24
2025-06-14;2025;6;Junho;Jun;2025-06;202506;2;T2;2025-T2;14;6;Sábado;Sim;24
2025-06-15;2025;6;Junho;Jun;2025-06;202506;2;T2;2025-T2;15;7;Domingo;Sim;24
2025-06-16;2025;6;Junho;Jun;2025-06;202506;2;T2;2025-T2;16;1;Segunda-feira;Não;25
2025-06-17;2025;6;Junho;Jun;2025-06;202506;2;T2;2025-T2;17;2;Terça-feira;Não;25
2025-06-18;2025;6;Junho;Jun;2025-06;202506;2;T2;2025-T2;18;3;Quarta-feira;Não;25
2025-06-19;2025;6;Junho;Jun;2025-06;202506;2;T2;2025-T2;19;4;Quinta-feira;Não;25
2025-06-20;2025;6;Junho;Jun;2025-06;202506;2;T2;2025-T2;20;5;Sexta-feira;Não;25
2025-06-21;2025;6;Junho;Jun;2025-06;202506;2;T2;2025-T2;21;6;Sábado;Sim;25
2025-06-22;2025;6;Junho;Jun;2025-06;202506;2;T2;2025-T2;22;7;Domingo;Sim;25
2025-06-23;2025;6;Junho;Jun;2025-06;202506;2;T2;2025-T2;23;1;Segunda-feira;Não;26
2025-06-24;2025;6;Junho;Jun;2025-06;202506;2;T2;2025-T2;24;2;Terça-feira;Não;26
2025-06-25;2025;6;Junho;Jun;2025-06;202506;2;T2;2025-T2;25;3;Quarta-feira;Não;26
2025-06-26;2025;6;Junho;Jun;2025-06;202506;2;T2;2025-T2;26;4;Quinta-feira;Não;26
2025-06-27;2025;6;Junho;Jun;2025-06;202506;2;T2;2025-T2;27;5;Sexta-feira;Não;26
2025-06-28;2025;6;Junho;Jun;2025-06;202506;2;T2;2025-T2;28;6;Sábado;Sim;26
2025-06-29;2025;6;Junho;Jun;2025-06;202506;2;T2;2025-T2;29;7;Domingo;Sim;26
2025-06-30;2025;6;Junho;Jun;2025-06;202506;2;T2;2025-T2;30;1;Segunda-feira;Não;27
2025-07-01;2025;7;Julho;Jul;2025-07;202507;3;T3;2025-T3;1;2;Terça-feira;Não;27
2025-07-02;2025;7;Julho;Jul;2025-07;202507;3;T3;2025-T3;2;3;Quarta-feira;Não;27
2025-07-03;2025;7;Julho;Jul;2025-07;202507;3;T3;2025-T3;3;4;Quinta-feira;Não;27
2025-07-04;2025;7;Julho;Jul;2025-07;202507;3;T3;2025-T3;4;5;Sexta-feira;Não;27
2025-07-05;2025;7;Julho;Jul;2025-07;202507;3;T3;2025-T3;5;6;Sábado;Sim;27
2025-07-06;2025;7;Julho;Jul;2025-07;202507;3;T3;2025-T3;6;7;Domingo;Sim;27
2025-07-07;2025;7;Julho;Jul;2025-07;202507;3;T3;2025-T3;7;1;Segunda-feira;Não;28
2025-07-08;2025;7;Julho;Jul;2025-07;202507;3;T3;2025-T3;8;2;Terça-feira;Não;28
2025-07-09;2025;7;Julho;Jul;2025-07;202507;3;T3;2025-T3;9;3;Quarta-feira;Não;28
2025-07-10;2025;7;Julho;Jul;2025-07;202507;3;T3;2025-T3;10;4;Quinta-feira;Não;28
2025-07-11;2025;7;Julho;Jul;2025-07;202507;3;T3;2025-T3;11;5;Sexta-feira;Não;28
2025-07-12;2025;7;Julho;Jul;2025-07;202507;3;T3;2025-T3;12;6;Sábado;Sim;28
2025-07-13;2025;7;Julho;Jul;2025-07;202507;3;T3;2025-T3;13;7;Domingo;Sim;28
2025-07-14;2025;7;Julho;Jul;2025-07;202507;3;T3;2025-T3;14;1;Segunda-feira;Não;29
2025-07-15;2025;7;Julho;Jul;2025-07;202507;3;T3;2025-T3;15;2;Terça-feira;Não;29
2025-07-16;2025;7;Julho;Jul;2025-07;202507;3;T3;2025-T3;16;3;Quarta-feira;Não;29
2025-07-17;2025;7;Julho;Jul;2025-07;202507;3;T3;2025-T3;17;4;Quinta-feira;Não;29
2025-07-18;2025;7;Julho;Jul;2025-07;202507;3;T3;2025-T3;18;5;Sexta-feira;Não;29
2025-07-19;2025;7;Julho;Jul;2025-07;202507;3;T3;2025-T3;19;6;Sábado;Sim;29
2025-07-20;2025;7;Julho;Jul;2025-07;202507;3;T3;2025-T3;20;7;Domingo;Sim;29
2025-07-21;2025;7;Julho;Jul;2025-07;202507;3;T3;2025-T3;21;1;Segunda-feira;Não;30
2025-07-22;2025;7;Julho;Jul;2025-07;202507;3;T3;2025-T3;22;2;Terça-feira;Não;30
2025-07-23;2025;7;Julho;Jul;2025-07;202507;3;T3;2025-T3;23;3;Quarta-feira;Não;30
2025-07-24;2025;7;Julho;Jul;2025-07;202507;3;T3;2025-T3;24;4;Quinta-feira;Não;30
2025-07-25;2025;7;Julho;Jul;2025-07;202507;3;T3;2025-T3;25;5;Sexta-feira;Não;30
2025-07-26;2025;7;Julho;Jul;2025-07;202507;3;T3;2025-T3;26;6;Sábado;Sim;30
2025-07-27;2025;7;Julho;Jul;2025-07;202507;3;T3;2025-T3;27;7;Domingo;Sim;30
2025-07-28;2025;7;Julho;Jul;2025-07;202507;3;T3;2025-T3;28;1;Segunda-feira;Não;31
2025-07-29;2025;7;Julho;Jul;2025-07;202507;3;T3;2025-T3;29;2;Terça-feira;Não;31
2025-07-30;2025;7;Julho;Jul;2025-07;202507;3;T3;2025-T3;30;3;Quarta-feira;Não;31
2025-07-31;2025;7;Julho;Jul;2025-07;202507;3;T3;2025-T3;31;4;Quinta-feira;Não;31
2025-08-01;2025;8;Agosto;Ago;2025-08;202508;3;T3;2025-T3;1;5;Sexta-feira;Não;31
2025-08-02;2025;8;Agosto;Ago;2025-08;202508;3;T3;2025-T3;2;6;Sábado;Sim;31
2025-08-03;2025;8;Agosto;Ago;2025-08;202508;3;T3;2025-T3;3;7;Domingo;Sim;31
2025-08-04;2025;8;Agosto;Ago;2025-08;202508;3;T3;2025-T3;4;1;Segunda-feira;Não;32
2025-08-05;2025;8;Agosto;Ago;2025-08;202508;3;T3;2025-T3;5;2;Terça-feira;Não;32
2025-08-06;2025;8;Agosto;Ago;2025-08;202508;3;T3;2025-T3;6;3;Quarta-feira;Não;32
2025-08-07;2025;8;Agosto;Ago;2025-08;202508;3;T3;2025-T3;7;4;Quinta-feira;Não;32
2025-08-08;2025;8;Agosto;Ago;2025-08;202508;3;T3;2025-T3;8;5;Sexta-feira;Não;32
2025-08-09;2025;8;Agosto;Ago;2025-08;202508;3;T3;2025-T3;9;6;Sábado;Sim;32
2025-08-10;2025;8;Agosto;Ago;2025-08;202508;3;T3;2025-T3;10;7;Domingo;Sim;32
2025-08-11;2025;8;Agosto;Ago;2025-08;202508;3;T3;2025-T3;11;1;Segunda-feira;Não;33
2025-08-12;2025;8;Agosto;Ago;2025-08;202508;3;T3;2025-T3;12;2;Terça-feira;Não;33
2025-08-13;2025;8;Agosto;Ago;2025-08;202508;3;T3;2025-T3;13;3;Quarta-feira;Não;33
2025-08-14;2025;8;Agosto;Ago;2025-08;202508;3;T3;2025-T3;14;4;Quinta-feira;Não;33
2025-08-15;2025;8;Agosto;Ago;2025-08;202508;3;T3;2025-T3;15;5;Sexta-feira;Não;33
2025-08-16;2025;8;Agosto;Ago;2025-08;202508;3;T3;2025-T3;16;6;Sábado;Sim;33
2025-08-17;2025;8;Agosto;Ago;2025-08;202508;3;T3;2025-T3;17;7;Domingo;Sim;33
2025-08-18;2025;8;Agosto;Ago;2025-08;202508;3;T3;2025-T3;18;1;Segunda-feira;Não;34
2025-08-19;2025;8;Agosto;Ago;2025-08;202508;3;T3;2025-T3;19;2;Terça-feira;Não;34
2025-08-20;2025;8;Agosto;Ago;2025-08;202508;3;T3;2025-T3;20;3;Quarta-feira;Não;34
2025-08-21;2025;8;Agosto;Ago;2025-08;202508;3;T3;2025-T3;21;4;Quinta-feira;Não;34
2025-08-22;2025;8;Agosto;Ago;2025-08;202508;3;T3;2025-T3;22;5;Sexta-feira;Não;34
2025-08-23;2025;8;Agosto;Ago;2025-08;202508;3;T3;2025-T3;23;6;Sábado;Sim;34
2025-08-24;2025;8;Agosto;Ago;2025-08;202508;3;T3;2025-T3;24;7;Domingo;Sim;34
2025-08-25;2025;8;Agosto;Ago;2025-08;202508;3;T3;2025-T3;25;1;Segunda-feira;Não;35
2025-08-26;2025;8;Agosto;Ago;2025-08;202508;3;T3;2025-T3;26;2;Terça-feira;Não;35
2025-08-27;2025;8;Agosto;Ago;2025-08;202508;3;T3;2025-T3;27;3;Quarta-feira;Não;35
2025-08-28;2025;8;Agosto;Ago;2025-08;202508;3;T3;2025-T3;28;4;Quinta-feira;Não;35
2025-08-29;2025;8;Agosto;Ago;2025-08;202508;3;T3;2025-T3;29;5;Sexta-feira;Não;35
2025-08-30;2025;8;Agosto;Ago;2025-08;202508;3;T3;2025-T3;30;6;Sábado;Sim;35
2025-08-31;2025;8;Agosto;Ago;2025-08;202508;3;T3;2025-T3;31;7;Domingo;Sim;35
2025-09-01;2025;9;Setembro;Set;2025-09;202509;3;T3;2025-T3;1;1;Segunda-feira;Não;36
2025-09-02;2025;9;Setembro;Set;2025-09;202509;3;T3;2025-T3;2;2;Terça-feira;Não;36
2025-09-03;2025;9;Setembro;Set;2025-09;202509;3;T3;2025-T3;3;3;Quarta-feira;Não;36
2025-09-04;2025;9;Setembro;Set;2025-09;202509;3;T3;2025-T3;4;4;Quinta-feira;Não;36
2025-09-05;2025;9;Setembro;Set;2025-09;202509;3;T3;2025-T3;5;5;Sexta-feira;Não;36
2025-09-06;2025;9;Setembro;Set;2025-09;202509;3;T3;2025-T3;6;6;Sábado;Sim;36
2025-09-07;2025;9;Setembro;Set;2025-09;202509;3;T3;2025-T3;7;7;Domingo;Sim;36
2025-09-08;2025;9;Setembro;Set;2025-09;202509;3;T3;2025-T3;8;1;Segunda-feira;Não;37
2025-09-09;2025;9;Setembro;Set;2025-09;202509;3;T3;2025-T3;9;2;Terça-feira;Não;37
2025-09-10;2025;9;Setembro;Set;2025-09;202509;3;T3;2025-T3;10;3;Quarta-feira;Não;37
2025-09-11;2025;9;Setembro;Set;2025-09;202509;3;T3;2025-T3;11;4;Quinta-feira;Não;37
2025-09-12;2025;9;Setembro;Set;2025-09;202509;3;T3;2025-T3;12;5;Sexta-feira;Não;37
2025-09-13;2025;9;Setembro;Set;2025-09;202509;3;T3;2025-T3;13;6;Sábado;Sim;37
2025-09-14;2025;9;Setembro;Set;2025-09;202509;3;T3;2025-T3;14;7;Domingo;Sim;37
2025-09-15;2025;9;Setembro;Set;2025-09;202509;3;T3;2025-T3;15;1;Segunda-feira;Não;38
2025-09-16;2025;9;Setembro;Set;2025-09;202509;3;T3;2025-T3;16;2;Terça-feira;Não;38
2025-09-17;2025;9;Setembro;Set;2025-09;202509;3;T3;2025-T3;17;3;Quarta-feira;Não;38
2025-09-18;2025;9;Setembro;Set;2025-09;202509;3;T3;2025-T3;18;4;Quinta-feira;Não;38
2025-09-19;2025;9;Setembro;Set;2025-09;202509;3;T3;2025-T3;19;5;Sexta-feira;Não;38
2025-09-20;2025;9;Setembro;Set;2025-09;202509;3;T3;2025-T3;20;6;Sábado;Sim;38
2025-09-21;2025;9;Setembro;Set;2025-09;202509;3;T3;2025-T3;21;7;Domingo;Sim;38
2025-09-22;2025;9;Setembro;Set;2025-09;202509;3;T3;2025-T3;22;1;Segunda-feira;Não;39
2025-09-23;2025;9;Setembro;Set;2025-09;202509;3;T3;2025-T3;23;2;Terça-feira;Não;39
2025-09-24;2025;9;Setembro;Set;2025-09;202509;3;T3;2025-T3;24;3;Quarta-feira;Não;39
2025-09-25;2025;9;Setembro;Set;2025-09;202509;3;T3;2025-T3;25;4;Quinta-feira;Não;39
2025-09-26;2025;9;Setembro;Set;2025-09;202509;3;T3;2025-T3;26;5;Sexta-feira;Não;39
2025-09-27;2025;9;Setembro;Set;2025-09;202509;3;T3;2025-T3;27;6;Sábado;Sim;39
2025-09-28;2025;9;Setembro;Set;2025-09;202509;3;T3;2025-T3;28;7;Domingo;Sim;39
2025-09-29;2025;9;Setembro;Set;2025-09;202509;3;T3;2025-T3;29;1;Segunda-feira;Não;40
2025-09-30;2025;9;Setembro;Set;2025-09;202509;3;T3;2025-T3;30;2;Terça-feira;Não;40
2025-10-01;2025;10;Outubro;Out;2025-10;202510;4;T4;2025-T4;1;3;Quarta-feira;Não;40
2025-10-02;2025;10;Outubro;Out;2025-10;202510;4;T4;2025-T4;2;4;Quinta-feira;Não;40
2025-10-03;2025;10;Outubro;Out;2025-10;202510;4;T4;2025-T4;3;5;Sexta-feira;Não;40
2025-10-04;2025;10;Outubro;Out;2025-10;202510;4;T4;2025-T4;4;6;Sábado;Sim;40
2025-10-05;2025;10;Outubro;Out;2025-10;202510;4;T4;2025-T4;5;7;Domingo;Sim;40
2025-10-06;2025;10;Outubro;Out;2025-10;202510;4;T4;2025-T4;6;1;Segunda-feira;Não;41
2025-10-07;2025;10;Outubro;Out;2025-10;202510;4;T4;2025-T4;7;2;Terça-feira;Não;41
2025-10-08;2025;10;Outubro;Out;2025-10;202510;4;T4;2025-T4;8;3;Quarta-feira;Não;41
2025-10-09;2025;10;Outubro;Out;2025-10;202510;4;T4;2025-T4;9;4;Quinta-feira;Não;41
2025-10-10;2025;10;Outubro;Out;2025-10;202510;4;T4;2025-T4;10;5;Sexta-feira;Não;41
2025-10-11;2025;10;Outubro;Out;2025-10;202510;4;T4;2025-T4;11;6;Sábado;Sim;41
2025-10-12;2025;10;Outubro;Out;2025-10;202510;4;T4;2025-T4;12;7;Domingo;Sim;41
2025-10-13;2025;10;Outubro;Out;2025-10;202510;4;T4;2025-T4;13;1;Segunda-feira;Não;42
2025-10-14;2025;10;Outubro;Out;2025-10;202510;4;T4;2025-T4;14;2;Terça-feira;Não;42
2025-10-15;2025;10;Outubro;Out;2025-10;202510;4;T4;2025-T4;15;3;Quarta-feira;Não;42
2025-10-16;2025;10;Outubro;Out;2025-10;202510;4;T4;2025-T4;16;4;Quinta-feira;Não;42
2025-10-17;2025;10;Outubro;Out;2025-10;202510;4;T4;2025-T4;17;5;Sexta-feira;Não;42
2025-10-18;2025;10;Outubro;Out;2025-10;202510;4;T4;2025-T4;18;6;Sábado;Sim;42
2025-10-19;2025;10;Outubro;Out;2025-10;202510;4;T4;2025-T4;19;7;Domingo;Sim;42
2025-10-20;2025;10;Outubro;Out;2025-10;202510;4;T4;2025-T4;20;1;Segunda-feira;Não;43
2025-10-21;2025;10;Outubro;Out;2025-10;202510;4;T4;2025-T4;21;2;Terça-feira;Não;43
2025-10-22;2025;10;Outubro;Out;2025-10;202510;4;T4;2025-T4;22;3;Quarta-feira;Não;43
2025-10-23;2025;10;Outubro;Out;2025-10;202510;4;T4;2025-T4;23;4;Quinta-feira;Não;43
2025-10-24;2025;10;Outubro;Out;2025-10;202510;4;T4;2025-T4;24;5;Sexta-feira;Não;43
2025-10-25;2025;10;Outubro;Out;2025-10;202510;4;T4;2025-T4;25;6;Sábado;Sim;43
2025-10-26;2025;10;Outubro;Out;2025-10;202510;4;T4;2025-T4;26;7;Domingo;Sim;43
2025-10-27;2025;10;Outubro;Out;2025-10;202510;4;T4;2025-T4;27;1;Segunda-feira;Não;44
2025-10-28;2025;10;Outubro;Out;2025-10;202510;4;T4;2025-T4;28;2;Terça-feira;Não;44
2025-10-29;2025;10;Outubro;Out;2025-10;202510;4;T4;2025-T4;29;3;Quarta-feira;Não;44
2025-10-30;2025;10;Outubro;Out;2025-10;202510;4;T4;2025-T4;30;4;Quinta-feira;Não;44
2025-10-31;2025;10;Outubro;Out;2025-10;202510;4;T4;2025-T4;31;5;Sexta-feira;Não;44
2025-11-01;2025;11;Novembro;Nov;2025-11;202511;4;T4;2025-T4;1;6;Sábado;Sim;44
2025-11-02;2025;11;Novembro;Nov;2025-11;202511;4;T4;2025-T4;2;7;Domingo;Sim;44
2025-11-03;2025;11;Novembro;Nov;2025-11;202511;4;T4;2025-T4;3;1;Segunda-feira;Não;45
2025-11-04;2025;11;Novembro;Nov;2025-11;202511;4;T4;2025-T4;4;2;Terça-feira;Não;45
2025-11-05;2025;11;Novembro;Nov;2025-11;202511;4;T4;2025-T4;5;3;Quarta-feira;Não;45
2025-11-06;2025;11;Novembro;Nov;2025-11;202511;4;T4;2025-T4;6;4;Quinta-feira;Não;45
2025-11-07;2025;11;Novembro;Nov;2025-11;202511;4;T4;2025-T4;7;5;Sexta-feira;Não;45
2025-11-08;2025;11;Novembro;Nov;2025-11;202511;4;T4;2025-T4;8;6;Sábado;Sim;45
2025-11-09;2025;11;Novembro;Nov;2025-11;202511;4;T4;2025-T4;9;7;Domingo;Sim;45
2025-11-10;2025;11;Novembro;Nov;2025-11;202511;4;T4;2025-T4;10;1;Segunda-feira;Não;46
2025-11-11;2025;11;Novembro;Nov;2025-11;202511;4;T4;2025-T4;11;2;Terça-feira;Não;46
2025-11-12;2025;11;Novembro;Nov;2025-11;202511;4;T4;2025-T4;12;3;Quarta-feira;Não;46
2025-11-13;2025;11;Novembro;Nov;2025-11;202511;4;T4;2025-T4;13;4;Quinta-feira;Não;46
2025-11-14;2025;11;Novembro;Nov;2025-11;202511;4;T4;2025-T4;14;5;Sexta-feira;Não;46
2025-11-15;2025;11;Novembro;Nov;2025-11;202511;4;T4;2025-T4;15;6;Sábado;Sim;46
2025-11-16;2025;11;Novembro;Nov;2025-11;202511;4;T4;2025-T4;16;7;Domingo;Sim;46
2025-11-17;2025;11;Novembro;Nov;2025-11;202511;4;T4;2025-T4;17;1;Segunda-feira;Não;47
2025-11-18;2025;11;Novembro;Nov;2025-11;202511;4;T4;2025-T4;18;2;Terça-feira;Não;47
2025-11-19;2025;11;Novembro;Nov;2025-11;202511;4;T4;2025-T4;19;3;Quarta-feira;Não;47
2025-11-20;2025;11;Novembro;Nov;2025-11;202511;4;T4;2025-T4;20;4;Quinta-feira;Não;47
2025-11-21;2025;11;Novembro;Nov;2025-11;202511;4;T4;2025-T4;21;5;Sexta-feira;Não;47
2025-11-22;2025;11;Novembro;Nov;2025-11;202511;4;T4;2025-T4;22;6;Sábado;Sim;47
2025-11-23;2025;11;Novembro;Nov;2025-11;202511;4;T4;2025-T4;23;7;Domingo;Sim;47
2025-11-24;2025;11;Novembro;Nov;2025-11;202511;4;T4;2025-T4;24;1;Segunda-feira;Não;48
2025-11-25;2025;11;Novembro;Nov;2025-11;202511;4;T4;2025-T4;25;2;Terça-feira;Não;48
2025-11-26;2025;11;Novembro;Nov;2025-11;202511;4;T4;2025-T4;26;3;Quarta-feira;Não;48
2025-11-27;2025;11;Novembro;Nov;2025-11;202511;4;T4;2025-T4;27;4;Quinta-feira;Não;48
2025-11-28;2025;11;Novembro;Nov;2025-11;202511;4;T4;2025-T4;28;5;Sexta-feira;Não;48
2025-11-29;2025;11;Novembro;Nov;2025-11;202511;4;T4;2025-T4;29;6;Sábado;Sim;48
2025-11-30;2025;11;Novembro;Nov;2025-11;202511;4;T4;2025-T4;30;7;Domingo;Sim;48
2025-12-01;2025;12;Dezembro;Dez;2025-12;202512;4;T4;2025-T4;1;1;Segunda-feira;Não;49
2025-12-02;2025;12;Dezembro;Dez;2025-12;202512;4;T4;2025-T4;2;2;Terça-feira;Não;49
2025-12-03;2025;12;Dezembro;Dez;2025-12;202512;4;T4;2025-T4;3;3;Quarta-feira;Não;49
2025-12-04;2025;12;Dezembro;Dez;2025-12;202512;4;T4;2025-T4;4;4;Quinta-feira;Não;49
2025-12-05;2025;12;Dezembro;Dez;2025-12;202512;4;T4;2025-T4;5;5;Sexta-feira;Não;49
2025-12-06;2025;12;Dezembro;Dez;2025-12;202512;4;T4;2025-T4;6;6;Sábado;Sim;49
2025-12-07;2025;12;Dezembro;Dez;2025-12;202512;4;T4;2025-T4;7;7;Domingo;Sim;49
2025-12-08;2025;12;Dezembro;Dez;2025-12;202512;4;T4;2025-T4;8;1;Segunda-feira;Não;50
2025-12-09;2025;12;Dezembro;Dez;2025-12;202512;4;T4;2025-T4;9;2;Terça-feira;Não;50
2025-12-10;2025;12;Dezembro;Dez;2025-12;202512;4;T4;2025-T4;10;3;Quarta-feira;Não;50
2025-12-11;2025;12;Dezembro;Dez;2025-12;202512;4;T4;2025-T4;11;4;Quinta-feira;Não;50
2025-12-12;2025;12;Dezembro;Dez;2025-12;202512;4;T4;2025-T4;12;5;Sexta-feira;Não;50
2025-12-13;2025;12;Dezembro;Dez;2025-12;202512;4;T4;2025-T4;13;6;Sábado;Sim;50
2025-12-14;2025;12;Dezembro;Dez;2025-12;202512;4;T4;2025-T4;14;7;Domingo;Sim;50
2025-12-15;2025;12;Dezembro;Dez;2025-12;202512;4;T4;2025-T4;15;1;Segunda-feira;Não;51
2025-12-16;2025;12;Dezembro;Dez;2025-12;202512;4;T4;2025-T4;16;2;Terça-feira;Não;51
2025-12-17;2025;12;Dezembro;Dez;2025-12;202512;4;T4;2025-T4;17;3;Quarta-feira;Não;51
2025-12-18;2025;12;Dezembro;Dez;2025-12;202512;4;T4;2025-T4;18;4;Quinta-feira;Não;51
2025-12-19;2025;12;Dezembro;Dez;2025-12;202512;4;T4;2025-T4;19;5;Sexta-feira;Não;51
2025-12-20;2025;12;Dezembro;Dez;2025-12;202512;4;T4;2025-T4;20;6;Sábado;Sim;51
2025-12-21;2025;12;Dezembro;Dez;2025-12;202512;4;T4;2025-T4;21;7;Domingo;Sim;51
2025-12-22;2025;12;Dezembro;Dez;2025-12;202512;4;T4;2025-T4;22;1;Segunda-feira;Não;52
2025-12-23;2025;12;Dezembro;Dez;2025-12;202512;4;T4;2025-T4;23;2;Terça-feira;Não;52
2025-12-24;2025;12;Dezembro;Dez;2025-12;202512;4;T4;2025-T4;24;3;Quarta-feira;Não;52
2025-12-25;2025;12;Dezembro;Dez;2025-12;202512;4;T4;2025-T4;25;4;Quinta-feira;Não;52
2025-12-26;2025;12;Dezembro;Dez;2025-12;202512;4;T4;2025-T4;26;5;Sexta-feira;Não;52
2025-12-27;2025;12;Dezembro;Dez;2025-12;202512;4;T4;2025-T4;27;6;Sábado;Sim;52
2025-12-28;2025;12;Dezembro;Dez;2025-12;202512;4;T4;2025-T4;28;7;Domingo;Sim;52
2025-12-29;2025;12;Dezembro;Dez;2025-12;202512;4;T4;2025-T4;29;1;Segunda-feira;Não;53
2025-12-30;2025;12;Dezembro;Dez;2025-12;202512;4;T4;2025-T4;30;2;Terça-feira;Não;53
2025-12-31;2025;12;Dezembro;Dez;2025-12;202512;4;T4;2025-T4;31;3;Quarta-feira;Não;53
